geolocation_zip_code_prefix,geolocation_lat,geolocation_lng,geolocation_city,geolocation_state
01031,-23.536864121011018,-46.63349313820771,sao paulo,SP
01031,-23.537304315614186,-46.633862438491114,sao paulo,SP
01031,-23.542520789115148,-46.63533516134283,sao paulo,SP
01257,-23.545072173466437,-46.68438057799065,sao paulo,SP
01257,-23.542921655288804,-46.687539331669456,sao paulo,SP
01257,-23.54124136886143,-46.68828723827111,sao paulo,SP
01238,-23.54195269441404,-46.65931762155928,sao paulo,SP
01238,-23.54443774132954,-46.65181342394259,sao paulo,SP
01238,-23.542944348058064,-46.65793705274388,sao paulo,SP
01212,-23.537511255832708,-46.637057307436756,são paulo,SP
01233,-23.540299470713858,-46.662783605199316,sao paulo,SP
01233,-23.540299470713858,-46.662783605199316,sao paulo,SP
01233,-23.53995686444827,-46.66359382283071,são paulo,SP
01212,-23.537083672773957,-46.639449309048416,sao paulo,SP
01212,-23.537511255832708,-46.637057307436756,são paulo,SP
01225,-23.54064714772717,-46.648251782670506,sao paulo,SP
01225,-23.540829192336567,-46.6480867425703,são paulo,SP
01225,-23.540341421316864,-46.649154719401,são paulo,SP
01321,-23.558961038576957,-46.64089188579832,sao paulo,SP
01321,-23.55914010629584,-46.64037441825844,sao paulo,SP
01321,-23.56596496641469,-46.64287299085339,sao paulo,SP
01536,-23.56253963239443,-46.622343972359054,sao paulo,SP
01511,-23.555682314184306,-46.63309991286275,sao paulo,SP
01548,-23.578346556754592,-46.614710870390624,sao paulo,SP
01536,-23.572389939494485,-46.62430325673721,sao paulo,SP
01543,-23.575755845951942,-46.62009625506377,sao paulo,SP
01536,-23.570905578683142,-46.62399319124003,sao paulo,SP
01530,-23.586145389375964,-46.72796029067322,sao paulo,SP
01548,-23.575526423538555,-46.61376721663105,são paulo,SP
01530,-23.56687320122337,-46.63295495490217,sao paulo,SP
01511,-23.563943696087474,-46.63251002164008,sao paulo,SP
01511,-23.55918090452421,-46.63284213099433,sao paulo,SP
01543,-23.57568507022903,-46.62076735720466,são paulo,SP
01512,-23.553644898695822,-46.63261889578163,sao paulo,SP
01548,-23.57504108381903,-46.61390301887011,sao paulo,SP
01530,-23.57136389676258,-46.62988131404007,sao paulo,SP
01512,-23.553701371631384,-46.62961645213219,sao paulo,SP
01543,-23.575755845951942,-46.62009625506377,sao paulo,SP
01512,-23.554043402995,-46.62898801333021,sao paulo,SP
02016,-23.50097763469062,-46.62712333406575,sao paulo,SP
02016,-23.501207575891474,-46.631722461754514,sao paulo,SP
02079,-23.50036682653355,-46.60264059824574,sao paulo,SP
02079,-23.498725976686472,-46.60920087523807,sao paulo,SP
02016,-23.50119168899124,-46.63057715856841,sao paulo,SP
02079,-23.500280043020368,-46.6034427403486,sao paulo,SP
02028,-23.50751845268047,-46.6174707485429,sao paulo,SP
02028,-23.509644589167983,-46.619371445839946,sao paulo,SP
02028,-23.509644589167983,-46.619371445839946,sao paulo,SP
02134,-23.499318080212344,-46.578124372468125,sao paulo,SP
02134,-23.500716537884472,-46.58971616264639,são paulo,SP
02134,-23.49606939439665,-46.583646040106174,sao paulo,SP
02225,-23.480339500692484,-46.575863140717864,sao paulo,SP
02245,-23.48347746211553,-46.60599175145708,sao paulo,SP
02215,-23.491089052455425,-46.585081880518196,sao paulo,SP
02215,-23.491633714409335,-46.58316026588382,sao paulo,SP
02225,-23.482185003606677,-46.5756153687172,sao paulo,SP
02215,-23.490081943101163,-46.58466223841534,sao paulo,SP
02225,-23.48009107299899,-46.57630124409949,são paulo,SP
02245,-23.484497605055086,-46.60624314931619,sao paulo,SP
02245,-23.485409622540224,-46.607375058976295,sao paulo,SP
02252,-23.479316999999995,-46.5904340471753,sao paulo,SP
02252,-23.480948043568617,-46.58920397460899,sao paulo,SP
02252,-23.477839999999958,-46.588239999999985,são paulo,SP
02310,-23.4719444074384,-46.59864459256161,sao paulo,SP
02310,-23.47266471135092,-46.59923598903572,sao paulo,SP
02310,-23.472766844018693,-46.602178072162275,sao paulo,SP
02336,-23.480584270615676,-46.619353822926875,são paulo,SP
02336,-23.479910057447082,-46.618817165416345,são paulo,SP
02336,-23.48192866556059,-46.61573017568816,sao paulo,SP
02436,-23.479295395233375,-46.63675926810551,sao paulo,SP
02443,-23.472335179294816,-46.64636526449883,são paulo,SP
02403,-23.49316940437997,-46.62900954509784,sao paulo,SP
02403,-23.494580371959344,-46.62724887195933,sao paulo,SP
02403,-23.496594799298563,-46.62707195231328,sao paulo,SP
02436,-23.478669796006677,-46.63308592645276,sao paulo,SP
02443,-23.47085334332621,-46.64795890313922,sao paulo,SP
02436,-23.479295395233375,-46.63675926810551,sao paulo,SP
02443,-23.473957212043405,-46.6459322278551,são paulo,SP
02611,-23.46658982202164,-46.63928171838316,sao paulo,SP
02611,-23.46977775491955,-46.65526828642737,são paulo,SP
02611,-23.46658982202164,-46.63928171838316,sao paulo,SP
02634,-23.46016520927345,-46.65066418373822,sao paulo,SP
02634,-23.456904580068123,-46.649764204830035,sao paulo,SP
02634,-23.456904580068123,-46.649764204830035,sao paulo,SP
02712,-23.50544478573489,-46.68161090896759,sao paulo,SP
02712,-23.50502849037841,-46.67643211199806,sao paulo,SP
02712,-23.506162878988977,-46.68011987290079,sao paulo,SP
02750,-23.493106676380634,-46.679616398003326,sao paulo,SP
02750,-23.493460620318526,-46.67971318789317,são paulo,SP
02750,-23.493880549761055,-46.67953234622359,sao paulo,SP
02955,-23.468440512490595,-46.72068807496815,sao paulo,SP
02955,-23.46846504302036,-46.72128166763807,sao paulo,SP
02955,-23.468323494864112,-46.71987001387845,sao paulo,SP
03029,-23.528716250620374,-46.62026515958797,sao paulo,SP
03061,-23.540986006376645,-46.584929692480806,sao paulo,SP
03029,-23.53180699056494,-46.61700264308377,sao paulo,SP
03029,-23.53315768166075,-46.61710278518661,sao paulo,SP
03006,-23.543135968636395,-46.62371555453289,sao paulo,SP
03061,-23.54104002637195,-46.58493577477063,sao paulo,SP
03061,-23.539307021516063,-46.582068828426166,sao paulo,SP
03006,-23.540241447400344,-46.62486527655961,sao paulo,SP
03006,-23.543614362196326,-46.623522861359604,sao paulo,SP
03152,-23.59347283236194,-46.580962279906515,sao paulo,SP
03152,-23.59351635553122,-46.5831519261643,sao paulo,SP
03152,-23.592068853453757,-46.5805032120434,sao paulo,SP
03185,-23.56351781487679,-46.584379697472464,sao paulo,SP
03185,-23.562698098489946,-46.58464275707943,sao paulo,SP
03185,-23.56466711157595,-46.58065364501704,sao paulo,SP
03178,-23.554243247013694,-46.584472683593994,são paulo,SP
03178,-23.55533602470491,-46.58686899870604,sao paulo,SP
03160,-23.578480690701483,-46.562867111340616,são paulo,SP
03178,-23.55365363641869,-46.58793103511452,sao paulo,SP
03160,-23.57794779385369,-46.56678142489871,sao paulo,SP
03160,-23.578480690701483,-46.562867111340616,sao paulo,SP
03194,-23.56788988703906,-46.57394821510183,são paulo,SP
03204,-23.597985520399334,-46.555472787119875,sao paulo,SP
03204,-23.596086027756918,-46.56138963197528,sao paulo,SP
03204,-23.59457844962204,-46.562082998615004,sao paulo,SP
03375,-23.572396749927883,-46.55092451304174,sao paulo,SP
03337,-23.55616930834864,-46.56480496252298,sao paulo,SP
03303,-23.545741270669254,-46.5926468408794,sao paulo,SP
03337,-23.555338550336955,-46.56235730166653,sao paulo,SP
03303,-23.545741270669254,-46.5926468408794,sao paulo,SP
03337,-23.554364468780623,-46.56341970275257,sao paulo,SP
03303,-23.545741270669254,-46.5926468408794,sao paulo,SP
03375,-23.576001097697496,-46.54599382278264,sao paulo,SP
03375,-23.575295629753583,-46.547328048848755,sao paulo,SP
03426,-23.554079433810344,-46.53324185942636,sao paulo,SP
03470,-23.572820577298156,-46.523296403831715,sao paulo,SP
03470,-23.57030924202203,-46.52414544240867,sao paulo,SP
03470,-23.570088446100872,-46.523898539521305,são paulo,SP
03417,-23.539685940879473,-46.54635608021235,sao paulo,SP
03426,-23.549508764643058,-46.53639808881068,sao paulo,SP
03426,-23.55252869969415,-46.53807658312655,sao paulo,SP
03431,-23.554133203993324,-46.53048959908248,sao paulo,SP
03417,-23.540439635581976,-46.547314119481804,sao paulo,SP
03417,-23.540245805989993,-46.54971699347913,sao paulo,SP
03431,-23.548066710802658,-46.54405460505509,sao paulo,SP
03431,-23.548066710802658,-46.54405460505509,são paulo,SP
03504,-23.53877907744238,-46.536485668330556,sao paulo,SP
03504,-23.533697346932883,-46.53920421342839,sao paulo,SP
03542,-23.53108125950717,-46.51791357132556,sao paulo,SP
03542,-23.531567427145244,-46.51982140313921,sao paulo,SP
03542,-23.532793795169955,-46.51605708298229,são paulo,SP
03504,-23.53997990230251,-46.53749137898899,sao paulo,SP
03669,-23.53270178351319,-46.489674216486804,são paulo,SP
03694,-23.537922030359404,-46.47769578680452,sao paulo,SP
03694,-23.532603653067113,-46.47347162378098,são paulo,SP
03694,-23.52590828864725,-46.474847333166245,sao paulo,SP
03632,-23.527615043857086,-46.549290572306504,são paulo,SP
03669,-23.533925595331567,-46.49119206217893,são paulo,SP
03669,-23.53297979926397,-46.4931612284197,sao paulo,SP
03632,-23.528111930059435,-46.54976473327945,são paulo,SP
03632,-23.528226069940562,-46.5495977411853,sao paulo,SP
03655,-23.52399579739165,-46.512943187344916,sao paulo,SP
03655,-23.525840545934557,-46.514621734116176,sao paulo,SP
03655,-23.52628188121068,-46.51341921288013,sao paulo,SP
03702,-23.51674732944774,-46.54818243075192,sao paulo,SP
03702,-23.51633441909516,-46.54665246725141,sao paulo,SP
03702,-23.515732288649073,-46.54774040896759,sao paulo,SP
03804,-23.50271592062436,-46.48299647362806,sao paulo,SP
03804,-23.502680130446084,-46.483037533585296,sao paulo,SP
03821,-23.49517247515727,-46.50119464071786,são paulo,SP
03821,-23.52394224785041,-46.41349357562471,são paulo,SP
03804,-23.505100575076455,-46.48301004717532,sao paulo,SP
03821,-23.49220499999999,-46.5051465,sao paulo,SP
03809,-23.489345713572618,-46.47738070858095,sao paulo,SP
03813,-23.486683575401436,-46.46746268716547,sao paulo,SP
03813,-23.482284408935612,-46.471865501650804,sao paulo,SP
03813,-23.486069423655206,-46.46871934795597,sao paulo,SP
03809,-23.49157504163538,-46.4776447636621,sao paulo,SP
03809,-23.49190546433722,-46.47792227546311,sao paulo,SP
03968,-23.602550384015586,-46.473299846987366,sao paulo,SP
03968,-23.60128506327547,-46.472231032748574,sao paulo,SP
03933,-23.583430697472455,-46.502034244243724,sao paulo,SP
03933,-23.58227059544425,-46.50092808411639,sao paulo,SP
03933,-23.58416601617243,-46.49655369856307,sao paulo,SP
03968,-23.60545601304174,-46.47257574577294,sao paulo,SP
03925,-23.62430331211506,-46.68489858473152,sao paulo,SP
03925,-23.601567625858443,-46.50573034194124,sao paulo,SP
03925,-23.603660880721108,-46.50828234779385,sao paulo,SP
04121,-23.59663593949449,-46.62585139355994,sao paulo,SP
04119,-23.600995072162263,-46.63496187621901,são paulo,SP
04119,-23.600995072162263,-46.63496187621901,sao paulo,SP
04119,-23.598684251457087,-46.63483148167814,sao paulo,SP
04130,-23.605202011656758,-46.61844120275258,sao paulo,SP
04130,-23.606056948929552,-46.62092950429918,sao paulo,SP
04102,-23.592723631975286,-46.6315844403312,sao paulo,SP
04186,-23.65281620260835,-46.599410268249756,sao paulo,SP
04130,-23.606310887039058,-46.618986247850415,sao paulo,SP
04160,-23.62358155176294,-46.61056007369148,sao paulo,SP
04186,-23.64950667032509,-46.59728800342218,sao paulo,SP
04186,-23.65202030529751,-46.598035515955935,são paulo,SP
04160,-23.62556238995326,-46.61300045184374,sao paulo,SP
04102,-23.593477829345726,-46.6300893712196,sao paulo,SP
04160,-23.625777499307514,-46.610530873304825,sao paulo,SP
04102,-23.590329522550334,-46.63175129640077,sao paulo,SP
04121,-23.59694661281671,-46.63556212101102,sao paulo,SP
04121,-23.601605869774758,-46.621329475315,sao paulo,SP
04235,-23.60408638856827,-46.59498256702636,sao paulo,SP
04272,-23.60913161896049,-46.61258745259877,sao paulo,SP
04257,-23.634156425760256,-46.59401333250615,sao paulo,SP
04272,-23.60913161896049,-46.61258745259877,sao paulo,SP
04275,-23.593755572854764,-46.61713462101102,sao paulo,SP
04272,-23.603196164031385,-46.61479042437527,sao paulo,SP
04235,-23.61587666224745,-46.59341842843686,são paulo,SP
04275,-23.593759438253738,-46.61655098834325,sao paulo,SP
04275,-23.59309637246811,-46.617522883432365,sao paulo,SP
04265,-23.58667354731954,-46.61242320483004,são paulo,SP
04248,-23.61411790980433,-46.60034800222169,sao paulo,SP
04265,-23.5869802640594,-46.61441384480889,sao paulo,SP
04235,-23.614843464104805,-46.59105225598254,sao paulo,SP
04257,-23.63476429753588,-46.590523706215016,sao paulo,SP
04248,-23.610383925040264,-46.59642958219339,sao paulo,SP
04257,-23.633919744099508,-46.59331767138897,sao paulo,SP
04248,-23.612892258597174,-46.59614768029763,sao paulo,SP
04265,-23.58848863474524,-46.61640649624909,sao paulo,SP
04346,-23.64036523446758,-46.65212213182845,sao paulo,SP
04363,-23.646845934214372,-46.6660547231519,sao paulo,SP
04363,-23.646845934214372,-46.6660547231519,sao paulo,SP
04363,-23.647623590339908,-46.66684794962203,sao paulo,SP
04327,-23.663137913959265,-46.63263933166945,sao paulo,SP
04327,-23.662484434358593,-46.63157302553523,sao paulo,SP
04367,-23.652502847625374,-46.66809535567546,são paulo,SP
04367,-23.650434617548566,-46.66830299027648,são paulo,SP
04346,-23.640597534826057,-46.652701148767925,sao paulo,SP
04346,-23.64018345100702,-46.65149031349181,sao paulo,SP
04367,-23.6520709753096,-46.66675729506972,sao paulo,SP
04327,-23.66405809270583,-46.63170862308849,sao paulo,SP
04378,-23.646246311207523,-46.663498688368854,sao paulo,SP
04378,-23.649241568411366,-46.66149025714124,sao paulo,SP
04378,-23.646799612052487,-46.662961026116534,são paulo,SP
04403,-23.667843855675457,-46.66038973120199,sao paulo,SP
04401,-23.670706610046736,-46.66108764570951,sao paulo,SP
04403,-23.669112247850418,-46.65968055008948,sao paulo,SP
04403,-23.670491973650424,-46.66024319323027,são paulo,SP
04445,-23.68080098473656,-46.684024129753595,sao paulo,SP
04445,-23.68534253733621,-46.68592987745976,sao paulo,SP
04401,-23.667689463419237,-46.6664450195832,sao paulo,SP
04401,-23.67002186594724,-46.6621056880374,sao paulo,SP
04445,-23.683376714120882,-46.68259759270582,sao paulo,SP
04461,-23.69289565500035,-46.68021046531817,sao paulo,SP
04461,-23.693101690259095,-46.679201077990655,sao paulo,SP
04461,-23.690367964192994,-46.6797794141035,são paulo,SP
04503,-23.583828111575947,-46.6649768186277,sao paulo,SP
04551,-23.595555603670107,-46.69055380930821,sao paulo,SP
04551,-23.592840264787295,-46.68831275007212,sao paulo,SP
04566,-23.609307792399992,-46.681889176236396,sao paulo,SP
04576,-23.611643043137203,-46.69323847711993,sao paulo,SP
04551,-23.596104998291988,-46.6869406218781,sao paulo,SP
04503,-23.58389762836861,-46.66774809616829,sao paulo,SP
04566,-23.61451234970285,-46.68686198418829,sao paulo,SP
04576,-23.611643043137203,-46.69323847711993,sao paulo,SP
04566,-23.61451234970285,-46.68686198418829,são paulo,SP
04576,-23.611643043137203,-46.69323847711993,sao paulo,SP
04503,-23.58338571775661,-46.66691628902608,são paulo,SP
04567,-23.61424927422236,-46.688441054821354,sao paulo,SP
04567,-23.613043274222363,-46.689929580356576,sao paulo,SP
04567,-23.6100388262451,-46.69527173604943,sao paulo,SP
04553,-23.608297487102483,-46.67740874660965,sao paulo,SP
04553,-23.598497081201824,-46.68799787965107,sao paulo,SP
04553,-23.598497081201824,-46.68799787965107,sao paulo,SP
04649,-23.56288570009682,-46.5555074859666,são paulo,SP
04678,-23.665532196779964,-46.679400959057105,sao paulo,SP
04630,-23.63467626755726,-46.66307784026777,sao paulo,SP
04613,-23.621229639188645,-46.665664134889475,são paulo,SP
04678,-23.665532196779964,-46.679400959057105,sao paulo,SP
04613,-23.620162023313526,-46.663383274078114,sao paulo,SP
04641,-23.637923790178284,-46.68551701333019,são paulo,SP
04649,-23.56291600943506,-46.55568760283338,sao paulo,SP
04678,-23.669556946159595,-46.68069909048412,sao paulo,SP
04649,-23.56291600943506,-46.55568760283338,sao paulo,SP
04613,-23.612693514849788,-46.67502706310653,sao paulo,SP
04641,-23.63611967025067,-46.6864297002766,sao paulo,SP
04630,-23.63054658225224,-46.66470372723925,sao paulo,SP
04630,-23.63054658225224,-46.66470372723925,sao paulo,SP
04641,-23.640499215101833,-46.686376481966605,são paulo,SP
04773,-23.681542547319527,-46.70780575451552,sao paulo,SP
04782,-23.693985995008337,-46.70188324132953,sao paulo,SP
04782,-23.690135955306197,-46.70487596655891,são paulo,SP
04782,-23.686843421316862,-46.703692172918196,sao paulo,SP
04773,-23.683423768852318,-46.709779139344434,sao paulo,SP
04773,-23.68301233389115,-46.707889903139225,sao paulo,SP
04880,-23.788251,-46.76573024999998,são paulo,SP
04850,-23.746252526227707,-46.677001782820696,são paulo,SP
04805,-23.71535119900167,-46.70368050721337,sao paulo,SP
04852,-23.76521721749255,-46.67316764965069,sao paulo,SP
04852,-23.765507999999997,-46.67212350000001,sao paulo,SP
04852,-23.760269999999995,-46.6664210234817,sao paulo,SP
04805,-23.714103666945572,-46.70460419608747,sao paulo,SP
04815,-23.70689244546711,-46.69166124271453,sao paulo,SP
04880,-23.447393250466884,-46.756208204633545,sao paulo,SP
04805,-23.711971725229375,-46.702941868024716,são paulo,SP
04815,-23.705912503750913,-46.692300577990636,sao paulo,SP
04850,-23.659407786809464,-46.75699374209451,sao paulo,SP
04850,-23.752262059763435,-46.67853408038364,sao paulo,SP
04815,-23.707665387183297,-46.69772464946043,sao paulo,SP
04880,-23.790689476747414,-46.732528636271645,sao paulo,SP
04939,-23.690111259507173,-46.77166407132555,sao paulo,SP
04944,-23.710209505972614,-46.77766430070986,sao paulo,SP
04939,-23.688412889260757,-46.768520451843735,sao paulo,SP
04944,-23.709606024150236,-46.77694087330484,sao paulo,SP
04944,-23.714010900917526,-46.77683064723874,sao paulo,SP
04939,-23.690720242022035,-46.77029284970284,são paulo,SP
05027,-23.538068769086465,-46.69659705565807,sao paulo,SP
05043,-23.526016267212615,-46.68975372862293,sao paulo,SP
05027,-23.529899043020365,-46.69027543658029,sao paulo,SP
05027,-23.53119014967367,-46.69245330470378,sao paulo,SP
05043,-23.526759478215688,-46.68903,sao paulo,SP
05030,-23.541074779906506,-46.69219306549716,sao paulo,SP
05030,-23.54166052510254,-46.692692664723864,sao paulo,SP
05043,-23.524702838112972,-46.693238633100066,sao paulo,SP
05030,-23.544197779906508,-46.69225403274857,sao paulo,SP
05138,-23.485253731057767,-46.73312974854289,são paulo,SP
05138,-23.482190944486145,-46.73488313543773,sao paulo,SP
05138,-23.48257902331352,-46.7352685320561,sao paulo,SP
05103,-23.516230945322874,-46.75361099901905,sao paulo,SP
05103,-23.514847564804676,-46.75175144073523,sao paulo,SP
05125,-23.50739523980033,-46.74054093839796,sao paulo,SP
05125,-23.50674560560335,-46.74142106924808,sao paulo,SP
05103,-23.515897588954925,-46.75209956356393,são paulo,SP
05125,-23.49980758006812,-46.73472386955393,sao paulo,SP
05273,-23.4408456305819,-46.806897340964944,sao paulo,SP
05201,-23.512398244791992,-46.4077896135092,são paulo,SP
05273,-23.43716562817398,-46.80438460284244,são paulo,SP
05201,-23.40698941687346,-46.74279153136359,sao paulo,SP
05273,-23.4408456305819,-46.806897340964944,sao paulo,SP
05201,-23.406835368861433,-46.74081790161,sao paulo,SP
05373,-23.5839881312828,-46.7600579372728,são paulo,SP
05373,-23.581806181516523,-46.757340151682136,sao paulo,SP
05373,-23.58475706050551,-46.757682335276115,sao paulo,SP
05423,-23.570422354434708,-46.69256020552254,sao paulo,SP
05417,-23.56536319233657,-46.68764024978366,sao paulo,SP
05417,-23.563094008050083,-46.689287097005,sao paulo,SP
05417,-23.555190530671105,-46.693678955594656,são paulo,SP
05438,-23.546250681920554,-46.69099640132154,são paulo,SP
05468,-23.539167062727213,-46.71731556994055,sao paulo,SP
05468,-23.54004600360668,-46.713676656818016,são paulo,SP
05423,-23.57047052928613,-46.69298197446477,sao paulo,SP
05438,-23.546250681920554,-46.69099640132154,sao paulo,SP
05468,-23.536485764643068,-46.71392121637123,são paulo,SP
05423,-23.569429588406656,-46.68979660338165,são paulo,SP
05438,-23.544895499999996,-46.6930665,sao paulo,SP
05574,-23.59058228102083,-46.80236036310327,sao paulo,SP
05542,-23.58677108062952,-46.7489837393856,sao paulo,SP
05588,-23.575745041924048,-46.74085825118136,sao paulo,SP
05542,-23.58677108062952,-46.7489837393856,são paulo,SP
05542,-23.587417720849643,-46.75019787200842,sao paulo,SP
05588,-23.57370846517395,-46.737071816405994,sao paulo,SP
05588,-23.576142551762942,-46.741667563419696,sao paulo,SP
05574,-23.58671158139713,-46.80355185331026,sao paulo,SP
05574,-23.58671158139713,-46.80355185331026,sao paulo,SP
05530,-23.577073040798666,-46.7199426382077,sao paulo,SP
05530,-23.57569750641803,-46.715807306467816,sao paulo,SP
05546,-23.585502887773785,-46.76862598648292,sao paulo,SP
05503,-23.571084458220376,-46.70899251887011,são paulo,SP
05546,-23.587673686946538,-46.772773407346676,sao paulo,SP
05503,-23.569583732175893,-46.713404811854645,são paulo,SP
05546,-23.58714828420567,-46.7722319403312,sao paulo,SP
05530,-23.578219959201334,-46.71989081072184,são paulo,SP
05503,-23.570984735212694,-46.70930201304174,sao paulo,SP
05707,-23.64358026840783,-46.73208462230973,sao paulo,SP
05707,-23.64358026840783,-46.73208462230973,sao paulo,SP
05707,-23.64358026840783,-46.73208462230973,sao paulo,SP
05847,-23.653066023313514,-46.74602714141034,sao paulo,SP
05847,-23.655514316406006,-46.75060063474525,sao paulo,SP
05849,-23.651114842510154,-46.75521082321932,sao paulo,SP
05849,-23.650227984736556,-46.75498649486411,sao paulo,SP
05847,-23.65507548542905,-46.74957202553523,sao paulo,SP
05849,-23.65402572300768,-46.758733187344916,sao paulo,SP
06060,-23.552456794881493,-46.780125590339914,osasco,SP
06060,-23.554908200245507,-46.78246225838706,osasco,SP
06010,-23.535843212083293,-46.76406620886582,osasco,SP
06060,-23.554752474609007,-46.78310624672523,osasco,SP
06010,-23.537268115182638,-46.77300242397124,osasco,SP
06010,-23.535843212083293,-46.76406620886582,osasco,SP
06210,-23.53249257893793,-46.764955827941044,osasco,SP
06210,-23.52673255285946,-46.76642520231988,osasco,SP
06210,-23.529206494575647,-46.76358128613893,osasco,SP
06243,-23.501206981021532,-46.7987711273679,osasco,SP
06243,-23.504156485717502,-46.79949031057762,osasco,SP
06243,-23.502511078279113,-46.79853750458762,osasco,SP
06382,-23.54811119219724,-46.841166759880586,carapicuíba,SP
06365,-23.548007803126946,-46.848575058505595,carapicuiba,SP
06317,-23.5259011954249,-46.84502074190641,carapicuiba,SP
06365,-23.552308715165168,-46.846056379309466,carapicuiba,SP
06382,-23.54966472959586,-46.83866185097984,carapicuiba,SP
06362,-23.55117864806671,-46.83780800807718,carapicuíba,SP
06341,-23.57241932843741,-46.81653106742156,carapicuiba,SP
06362,-23.557139487639773,-46.84510354176187,carapicuiba,SP
06317,-23.523672234736758,-46.84673273556852,carapicuiba,SP
06317,-23.52522046056623,-46.84748265961055,carapicuiba,SP
06341,-23.57547088782132,-46.81931299612122,carapicuiba,SP
06341,-23.575045637726323,-46.81892162773324,carapicuiba,SP
06365,-23.55590282344068,-46.845351487073366,carapicuíba,SP
06382,-23.550171794452055,-46.842066787468426,carapicuiba,SP
06362,-23.556476367211328,-46.84390651421924,carapicuiba,SP
06455,-23.50247657869377,-46.85563438418507,barueri,SP
06472,-23.484308590743606,-46.84897173739372,barueri,SP
06401,-23.50924262107987,-46.88666937892011,barueri,SP
06455,-23.499020577358255,-46.85014396451541,barueri,SP
06401,-23.50693793797282,-46.873554819780566,barueri,SP
06472,-23.484308590743606,-46.84897173739372,barueri,SP
06465,-23.507407290616538,-46.84703285302898,barueri,SP
06472,-23.485227719505435,-46.8541488252114,barueri,SP
06440,-23.510524969129598,-46.86104614786531,barueri,SP
06401,-23.511581856292064,-46.87496418492398,barueri,SP
06440,-23.512200531047647,-46.86224382521073,barueri,SP
06465,-23.5086438802936,-46.851065006356905,barueri,SP
06440,-23.51056987231207,-46.86061571804235,barueri,SP
06455,-23.503138396431794,-46.8276021226391,barueri,SP
06429,-23.491791912543025,-46.94733309700014,barueri,SP
06429,-23.494575140698796,-46.95875424775154,barueri,SP
06465,-23.4870854838496,-46.87022278333645,barueri,SP
06429,-23.487010709688267,-46.94457099642419,barueri,SP
06540,-23.459999538735637,-46.879733658501294,santana de parnaiba,SP
06502,-23.450970467943904,-46.92624839578164,santana de parnaíba,SP
06540,-23.46043937433122,-46.88105230054368,santana de parnaíba,SP
06502,-23.445606782128202,-46.92782831487679,santana de parnaiba,SP
06540,-23.457232483045406,-46.87929551977079,santana de parnaiba,SP
06502,-23.443893266953584,-46.922068912126164,santana de parnaiba,SP
06654,-23.538289102900915,-46.9265911416677,itapevi,SP
06663,-23.56337220714669,-46.93710104735605,itapevi,SP
06663,-23.551593706311333,-46.9408387856993,itapevi,SP
06654,-23.540089418917425,-46.9181998305384,itapevi,SP
06654,-23.53231277806906,-46.92152745793634,itapevi,SP
06663,-23.55766427915452,-46.939494549595,itapevi,SP
06730,-23.659233203083232,-46.99692810611056,vargem grande paulista,SP
06700,-23.618364275958324,-46.94004136202083,cotia,SP
06754,-23.605236000000005,-46.762163999999984,taboao da serra,SP
06754,-23.60551860421836,-46.75214281986846,taboao da serra,SP
06700,-23.60750660816384,-46.92975703120523,cotia,SP
06713,-23.615928708516527,-46.84997839900814,cotia,SP
06730,-23.60729089023855,-47.00997741463763,vargem grande paulista,SP
06754,-23.60490754731953,-46.75978123688614,taboao da serra,SP
06730,-23.605545969069674,-47.02773549714831,vargem grande paulista,SP
06700,-23.606922835649748,-46.9448206442525,cotia,SP
06713,-23.604892208436723,-46.855798223844396,cotia,SP
06713,-23.607371448368806,-46.85911611647977,cotia,SP
06850,-23.70404669608747,-46.851423799613336,itapecerica da serra,SP
06850,-23.70125264141035,-46.85389035498298,itapecerica da serra,SP
06850,-23.71343754136498,-46.847570265237174,itapecerica da serra,SP
06950,-23.931406546387684,-47.07199584429756,juquitiba,SP
06950,-23.937283631512223,-47.0660752278493,juquitiba,SP
06950,-23.93709302217545,-47.06876694726359,juquitiba,SP
07031,-23.496488565250488,-46.54671310832206,guarulhos,SP
07097,-23.446349958364614,-46.543655493479115,guarulhos,SP
07097,-23.446155769049607,-46.5369307133114,guarulhos,SP
07097,-23.444899533441067,-46.54086133389114,guarulhos,SP
07077,-23.43410150291419,-46.553472434502844,guarulhos,SP
07093,-23.46034695920133,-46.54093519386578,guarulhos,SP
07077,-23.435684748542897,-46.552780058283815,guarulhos,SP
07077,-23.431578233971948,-46.55749989286744,guarulhos,SP
07031,-23.49189491395926,-46.54629394463038,guarulhos,SP
07093,-23.460542549541234,-46.5376242732414,guarulhos,SP
07031,-23.49189491395926,-46.54629394463038,guarulhos,SP
07093,-23.452796766028044,-46.54568823105777,guarulhos,SP
07055,-23.46913213266778,-46.56209344463039,guarulhos,SP
07055,-23.469279097149236,-46.56217315029714,guarulhos,SP
07055,-23.46935897668648,-46.562183124761916,guarulhos,SP
07133,-23.44007914793122,-46.51144923980033,guarulhos,SP
07112,-23.465304114698753,-46.51148732089968,guarulhos,SP
07111,-23.4646246045771,-46.52094903256674,guarulhos,SP
07133,-23.432493991949915,-46.5096378090484,guarulhos,SP
07140,-23.422075962808012,-46.493184069940554,guarulhos,SP
07111,-23.464175930059422,-46.52135270774423,guarulhos,SP
07135,-23.422313378296494,-46.520062240348594,guarulhos,SP
07180,-23.453117689957654,-46.4744416242606,guarulhos,SP
07133,-23.43777727477061,-46.51328605176295,guarulhos,SP
07161,-23.401157533417454,-46.430387580925895,guarulhos,SP
07111,-23.464175930059422,-46.52135270774423,guarulhos,SP
07140,-23.421413095475785,-46.49321015306711,guarulhos,SP
07140,-23.436114999163276,-46.504207807519215,guarulhos,SP
07161,-23.39158583819031,-46.44270952400601,guarulhos,SP
07135,-23.422919605603347,-46.52110098542906,guarulhos,SP
07161,-23.400735171244737,-46.4298876829015,guarulhos,SP
07112,-23.4691332850424,-46.518216034970294,guarulhos,SP
07135,-23.423960849847077,-46.51989422592186,guarulhos,SP
07180,-23.45361780904841,-46.47982091909515,guarulhos,SP
07180,-23.45124874493622,-46.478116152374604,guarulhos,SP
07112,-23.47061953205609,-46.52050600069248,guarulhos,SP
07400,-23.39888374540156,-46.32526700508771,aruja,SP
07400,-23.400028215101834,-46.322612895089144,aruja,SP
07400,-23.388896250332913,-46.314986462183576,arujá,SP
07600,-23.323581622627874,-46.571516434161296,mairipora,SP
07600,-23.319351000000005,-46.58600924999999,mairipora,SP
07600,-23.321862925803114,-46.58817474672198,mairiporã,SP
07704,-23.377462073318597,-46.753456523931526,caieiras,SP
07704,-23.377413963613677,-46.74853918212492,caieiras,SP
07704,-23.37402947281613,-46.75110827497996,caieiras,SP
08090,-23.48076443825374,-46.422781239800344,sao paulo,SP
08090,-23.474179091730196,-46.4288839004416,sao paulo,SP
08090,-23.4765235947833,-46.42554781779097,sao paulo,SP
08140,-23.500094175688144,-46.39903692936692,sao paulo,SP
08140,-23.51361851457095,-46.39657486372553,sao paulo,SP
08140,-23.50858410485051,-46.40198626498769,sao paulo,SP
08180,-23.48770416180969,-46.41534043450283,sao paulo,SP
08180,-23.485374632312595,-46.413583822503206,sao paulo,SP
08180,-23.49135861226844,-46.41366301442672,sao paulo,SP
08253,-23.55644627808883,-46.437270485977294,sao paulo,SP
08230,-23.516640708270582,-46.44751393882982,sao paulo,SP
08253,-23.554328814876797,-46.444010207600016,sao paulo,SP
08285,-23.55296249070916,-46.472750648767935,sao paulo,SP
08285,-23.550953940879474,-46.47119758312655,sao paulo,SP
08230,-23.525947477378967,-46.45438332569683,sao paulo,SP
08285,-23.553960485429045,-46.47825335789716,sao paulo,SP
08253,-23.55775353093092,-46.434684190807346,sao paulo,SP
08250,-23.539824031911863,-46.434679443937874,sao paulo,SP
08230,-23.520827057649257,-46.4475227670253,são paulo,SP
08250,-23.540586956979624,-46.43782555176293,sao paulo,SP
08250,-23.539927924231048,-46.43487410713254,sao paulo,SP
08330,-23.616291253983057,-46.4649462867267,sao paulo,SP
08330,-23.615829156818027,-46.47505141173756,sao paulo,SP
08330,-23.618861999999993,-46.46522998557329,sao paulo,SP
08421,-23.569179969298748,-46.41940490115958,sao paulo,SP
08421,-23.562772616711847,-46.422742966414695,sao paulo,SP
08421,-23.563454764786,-46.42377025247768,sao paulo,SP
08577,-23.482623440635415,-46.37448952833195,itaquaquecetuba,SP
08598,-23.464295023583936,-46.32874959104104,itaquaquecetuba,SP
08550,-23.522975748542905,-46.33702048557326,poá,SP
08577,-23.48988814879191,-46.37265745864769,itaquaquecetuba,SP
08577,-23.483042264282698,-46.37493447931138,itaquaquecetuba,SP
08598,-23.46545843451189,-46.33116202207354,itaquaquecetuba,SP
08576,-23.49479676809363,-46.35731299743924,itaquaquecetuba,SP
08598,-23.463780244010014,-46.325914566713145,itaquaquecetuba,SP
08576,-23.485579934598782,-46.35718406053029,itaquaquecetuba,SP
08576,-23.494333893600192,-46.358802923873434,itaquaquecetuba,SP
08534,-23.55390479877663,-46.38258754884873,ferraz de vasconcelos,SP
08534,-23.552022673909494,-46.38537687569471,ferraz de vasconcelos,SP
08534,-23.551433350539572,-46.38274738550985,ferraz de vasconcelos,SP
08550,-23.52318097260825,-46.34180921314962,poá,SP
08550,-23.52240454731953,-46.34570065598129,poa,SP
08744,-23.551625930952856,-46.22396219877843,mogi das cruzes,SP
08745,-23.545157878772518,-46.240023456139824,mogi das cruzes,SP
08745,-23.547489251263332,-46.23516282509048,mogi das cruzes,SP
08745,-23.550701227595308,-46.23786632347513,mogi das cruzes,SP
08744,-23.54654999764987,-46.2263895008135,mogi das cruzes,SP
08744,-23.552425797665304,-46.22808216926508,mogi das cruzes,SP
09015,-23.665703457960582,-46.51808196779969,santo andre,SP
09015,-23.65791224508045,-46.52088020260834,santo andre,SP
09015,-23.664828709677472,-46.51630945420966,santo andre,SP
09111,-23.66721675288362,-46.49913206319721,santo andre,SP
09172,-23.701680965768528,-46.519658793517806,santo andre,SP
09111,-23.67312942215358,-46.491989724825345,santo andré,SP
09111,-23.664684572854757,-46.503345703445056,santo andre,SP
09120,-23.671791943101173,-46.50083247792724,santo andre,SP
09172,-23.69470364807545,-46.51149665000868,santo andre,SP
09172,-23.69965541566268,-46.51562058026474,santo andré,SP
09120,-23.682199295862436,-46.49870220231989,santo andre,SP
09120,-23.680260471002327,-46.491878907438405,santo andre,SP
09220,-23.624784000000005,-46.53954225000001,santo andré,SP
09210,-23.637285303364266,-46.519363822926856,santo andre,SP
09210,-23.635214612268438,-46.529702025535215,santo andré,SP
09280,-23.63501354177962,-46.50399501887012,santo andre,SP
09220,-23.625445558139575,-46.5331056711005,santo andre,SP
09210,-23.63370066388715,-46.527567537884465,santo andre,SP
09280,-23.63487107216227,-46.51284257992389,santo andre,SP
09280,-23.619187422306403,-46.52892538542067,santo andre,SP
09271,-23.639620380229736,-46.50604149140166,santo andre,SP
09271,-23.641543550926208,-46.50119026048813,santo andre,SP
09220,-23.627936730635604,-46.53772354718555,santo andre,SP
09271,-23.647131,-46.49572296003804,santo andre,SP
09350,-23.68011442853022,-46.4524537436668,maua,SP
09351,-23.680906533441068,-46.43319342105705,maua,SP
09351,-23.67882406385239,-46.43428560672851,maua,SP
09350,-23.675223189853284,-46.44103830326542,maua,SP
09351,-23.673579526627503,-46.43860676235017,maua,SP
09350,-23.685711937077315,-46.44479631574056,mauá,SP
09405,-23.70206320161832,-46.40534820551376,ribeirao pires,SP
09416,-23.734072610599526,-46.442410009208444,ribeirao pires,SP
09405,-23.702133120990574,-46.40248103792815,ribeirao pires,SP
09405,-23.70863064685438,-46.40481608799677,ribeirao pires,SP
09416,-23.736101694311678,-46.44166577625721,ribeirao pires,SP
09416,-23.74401903209743,-46.45221001580783,ribeirao pires,SP
09530,-23.617764471002317,-46.574964586733216,sao caetano do sul,SP
09541,-23.62105546378897,-46.56510050291419,sao caetano do sul,SP
09572,-23.6436479625422,-46.56386065319333,sao caetano do sul,SP
09541,-23.62001447100232,-46.56389282653356,sao caetano do sul,SP
09530,-23.621077380881,-46.578646724225365,sao caetano do sul,SP
09530,-23.6169952519957,-46.575475781941655,são caetano do sul,SP
09541,-23.62106552207278,-46.56481250291418,sao caetano do sul,SP
09572,-23.642811068438903,-46.562687309885284,sao caetano do sul,SP
09572,-23.64250107132555,-46.55896167040801,sao caetano do sul,SP
09628,-23.66148702746846,-46.56416174311855,sao bernardo do campo,SP
09628,-23.66148702746846,-46.56416174311855,sao bernardo do campo,SP
09628,-23.660199240088787,-46.56568437731553,sao bernardo do campo,SP
09715,-23.71457923606073,-46.54581156219319,são bernardo do campo,SP
09771,-23.707328035575863,-46.53661757455686,sao bernardo do campo,SP
09771,-23.70118534957283,-46.5493750183541,sao bernardo do campo,SP
09715,-23.719060962230994,-46.54459211961032,sao bernardo do campo,SP
09715,-23.719060962230994,-46.54459211961032,sao bernardo do campo,SP
09771,-23.70083092139051,-46.54881145969025,sao bernardo do campo,SP
09761,-23.704341234520218,-46.52658390463978,sao bernardo do campo,SP
09761,-23.70586182569684,-46.52980660949849,sao bernardo do campo,SP
09761,-23.70816,-46.52562149999999,sao bernardo do campo,SP
09811,-23.72527983484343,-46.55702673772287,sao bernardo do campo,SP
09811,-23.726126262625584,-46.55969999719431,sao bernardo do campo,SP
09811,-23.728832528449413,-46.55472351832187,sao bernardo do campo,SP
09920,-23.680084526775975,-46.62410537301638,diadema,SP
09920,-23.683234734139088,-46.626199907575426,diadema,SP
09920,-23.683296524052437,-46.626114524052454,diadema,SP
11045,-23.96112504302036,-46.32316061267247,santos,SP
11030,-23.981964066882146,-46.310039559264744,santos,SP
11045,-23.964708845951943,-46.32197575506376,santos,SP
11030,-23.982321321289245,-46.296557430110866,santos,SP
11030,-23.98403629808414,-46.301170437821035,santos,SP
11045,-23.972011770262974,-46.32430590750893,santos,SP
11450,-23.939318620030072,-46.30539278864907,guaruja,SP
11450,-23.939953449073776,-46.29882568122806,guaruja,SP
11450,-23.940604879595867,-46.30577214551201,guaruja,SP
11630,-23.831823046046516,-45.37368542232557,ilhabela,SP
11630,-23.826930986528655,-45.371054125516764,ilhabela,SP
11630,-23.822803937352532,-45.37644383089968,ilhabela,SP
11730,-24.117169459344332,-46.701075415691164,mongagua,SP
11730,-24.136462771019705,-46.7182743373536,mongaguá,SP
11740,-24.149651009642906,-46.748097900127796,itanhaem,SP
11730,-24.09896524851951,-46.64284434704525,mongagua,SP
11713,-24.03035876380635,-46.515784830140234,praia grande,SP
11704,-24.026786758814687,-46.49304889148245,praia grande,SP
11740,-24.19147468942237,-46.816324297391645,itanhaem,SP
11704,-24.03077309908247,-46.48748488550985,praia grande,SP
11713,-24.03224733245732,-46.525985613251365,praia grande,SP
11704,-24.024494170103203,-46.47420520705672,praia grande,SP
11740,-24.22096716191445,-46.85188550240245,itanhaem,SP
11713,-24.026339085382954,-46.53306613742504,praia grande,SP
11900,-24.49203032806276,-47.83413137913321,registro,SP
11900,-24.522617510299327,-47.84780154192998,registro,SP
11900,-24.516397101733723,-47.81836813569933,registro,SP
11920,-24.705292058051395,-47.552215728563844,iguape,SP
11920,-24.713549315968127,-47.56868013606395,iguape,SP
11920,-24.711153093734005,-47.55773447359487,iguape,SP
12020,-23.022733959878504,-45.55651892606318,taubate,SP
12040,-23.03631557663482,-45.59129358131366,taubate,SP
12060,-23.010830147365535,-45.55103935263445,taubate,SP
12020,-23.026624108168907,-45.56318695019824,taubate,SP
12060,-23.015716398339006,-45.556535337904464,taubate,SP
12060,-23.01609313914408,-45.56583694342368,taubate,SP
12040,-23.031819252005352,-45.58412181109721,taubate,SP
12040,-23.0246416189843,-45.57971858889023,taubate,SP
12020,-23.02577940984904,-45.55491860841298,taubate,SP
12246,-23.221587583126546,-45.90665169219235,sao jose dos campos,SP
12228,-23.25777249999993,-45.82569514299996,sao jose dos campos,SP
12246,-23.223343368313174,-45.90949163641868,sao jose dos campos,SP
12240,-23.23009940009024,-45.90094499999999,sao jose dos campos,SP
12246,-23.249075613680144,-45.887194913556655,sao jose dos campos,SP
12228,-23.25777249999993,-45.82569514299996,sao jose dos campos,SP
12228,-23.25672551767973,-45.82934701152474,sao jose dos campos,SP
12240,-23.23009940009024,-45.90094499999999,sao jose dos campos,SP
12286,-23.110653666945577,-45.71729604454958,cacapava,SP
12286,-23.100151038701142,-45.71088131738851,cacapava,SP
12240,-23.23009940009024,-45.90094499999999,sao jose dos campos,SP
12286,-23.11695308021235,-45.72119112753188,cacapava,SP
12327,-23.298185959563558,-45.974828011182304,jacarei,SP
12320,-23.31192262669516,-45.97728873160601,jacarei,SP
12320,-23.31192262669516,-45.97728873160601,jacareí,SP
12327,-23.30432178573488,-45.97717112378096,jacarei,SP
12380,-23.398738664441698,-45.87914132883015,santa branca,SP
12327,-23.299553439666305,-45.9668671876339,jacarei,SP
12320,-23.309988044693803,-45.97462691548847,jacarei,SP
12380,-23.39857669000071,-45.88337667844531,santa branca,SP
12380,-23.3941215905644,-45.8889424501945,santa branca,SP
12412,-22.95773146505728,-45.45515668718501,pindamonhangaba,SP
12412,-22.957835895825248,-45.455168584361104,pindamonhangaba,SP
12412,-22.954729027520795,-45.460358029402514,pindamonhangaba,SP
12580,-22.890828604346442,-45.30332001483277,roseira,SP
12502,-22.815467999999996,-45.18239753040693,guaratingueta,SP
12580,-22.900208580457726,-45.31193046120152,roseira,SP
12502,-22.816969318798094,-45.18669742019578,guaratingueta,SP
12580,-22.8983757125001,-45.305953158949826,roseira,SP
12502,-22.813910687472124,-45.18140743510001,guaratingueta,SP
12940,-23.112774381969185,-46.5488845105504,atibaia,SP
12970,-23.055885440949236,-46.35910657270963,piracaia,SP
12940,-23.116930993623352,-46.55396439133822,atibaia,SP
12970,-23.06407809372401,-46.37684543109381,piracaia,SP
12940,-23.11114432944774,-46.546011350683806,atibaia,SP
12944,-23.10083372439267,-46.55334887039065,atibaia,SP
12929,-22.946012455450422,-46.52383551318598,braganca paulista,SP
12929,-22.937061112176707,-46.517808926270554,braganca paulista,SP
12944,-23.11277852838985,-46.56540023418613,atibaia,SP
12970,-23.04688442395815,-46.342941706591795,piracaia,SP
12944,-23.109970033585306,-46.553576500692486,atibaia,SP
12929,-22.9140527529863,-46.52677450637664,bragança paulista,SP
13070,-22.895876357204664,-47.0791850342778,campinas,SP
13035,-22.909953320849397,-47.08185090507247,campinas,SP
13041,-22.917053295025724,-47.061757854838746,campinas,SP
13087,-22.85275770752771,-47.05510214136723,campinas,SP
13092,-22.88929691756595,-47.02178184540367,campinas,SP
13035,-22.912760084655748,-47.07774600360668,campinas,SP
13020,-22.900561910352593,-47.065812260199664,campinas,SP
13070,-22.884723941354903,-47.076555310574605,campinas,SP
13059,-22.946206445520712,-47.13505192996653,campinas,SP
13030,-22.92991227115403,-47.07189552530681,campinas,SP
13035,-22.911542161809678,-47.07134585123206,campinas,SP
13043,-22.933200411915568,-47.04106490766075,campinas,SP
13087,-22.854677050233725,-47.051945774770616,campinas,SP
13084,-22.81905949374732,-47.09337872045235,campinas,SP
13070,-22.892501694730647,-47.07800185789511,campinas,SP
13087,-22.866090463788957,-47.06142305245541,campinas,SP
13030,-22.927037889090464,-47.07697697887436,campinas,SP
13041,-22.917185964902217,-47.05423837572488,campinas,SP
13084,-22.823368072162268,-47.08801043005943,campinas,SP
13084,-22.824601344711187,-47.093345088810686,campinas,SP
13030,-22.92307293436962,-47.07736893176041,campinas,SP
13090,-22.88857483236194,-47.04416083236194,campinas,SP
13041,-22.924265521784314,-47.059339217179286,campinas,SP
13020,-22.900885943977947,-47.06592651952553,campinas,SP
13092,-22.89297345572573,-47.04535956605879,campinas,SP
13090,-22.88835559930826,-47.0376225,campinas,SP
13092,-22.904571132667783,-47.04335399180569,campinas,SP
13090,-22.879985526280432,-47.03718985632837,campinas,SP
13020,-22.899159021091823,-47.06566564126611,campinas,SP
13059,-22.989395227752606,-47.12266628939545,campinas,SP
13059,-22.930070319246727,-47.16474941141417,campinas,SP
13043,-22.928951250080626,-47.044806425163806,campinas,SP
13043,-22.93630784881135,-47.039842334386734,campinas,SP
13186,-22.887514996879027,-47.19573904628551,hortolandia,SP
13186,-22.890421971156652,-47.19699372009866,hortolandia,SP
13186,-22.897489988156547,-47.19471440834186,hortolandia,SP
13170,-22.828654864562257,-47.267296160568925,sumare,SP
13170,-22.82462154470405,-47.264055877674345,sumaré,SP
13170,-22.829554218505667,-47.270790536574225,sumare,SP
13165,-22.487091860243755,-47.21575974696741,engenheiro coelho,SP
13101,-22.90081444463038,-46.99864279239999,campinas,SP
13165,-22.48917823507226,-47.214960124766726,engenheiro coelho,SP
13165,-22.494307499999998,-47.211183000000005,engenheiro coelho,SP
13101,-22.925809895925866,-47.02151521302435,campinas,SP
13101,-22.903329069008702,-46.998552803387796,campinas,SP
13280,-23.035339717467753,-46.971578850395346,vinhedo,SP
13212,-23.151712385018914,-46.97128780668247,jundiai,SP
13212,-23.191065495455117,-46.96317786960707,jundiai,SP
13218,-23.1886382132707,-46.87453437279828,jundiai,SP
13206,-23.211714582578274,-46.8753760355472,jundiaí,SP
13280,-23.026569472100466,-46.98209836454457,vinhedo,SP
13212,-23.173281302816005,-46.96705070315661,jundiai,SP
13257,-22.995677703232378,-46.857106243157794,itatiba,SP
13232,-23.207064313532694,-46.760735214610754,campo limpo paulista,SP
13280,-23.016731231792726,-46.992580591655496,vinhedo,SP
13209,-23.179650584857292,-46.90576352862229,jundiai,SP
13202,-23.207180112486483,-46.87693047864591,jundiai,SP
13206,-23.20743441062393,-46.881160114072365,jundiai,SP
13202,-23.2018416241868,-46.87814832772278,jundiaí,SP
13218,-23.18843300530878,-46.87002421259168,jundiai,SP
13214,-23.148804478137823,-46.92948882832884,jundiaí,SP
13209,-23.18388635668409,-46.89607949884394,jundiai,SP
13218,-23.189950898667163,-46.86920219181696,jundiai,SP
13214,-23.160985042991708,-46.93085640146579,jundiai,SP
13206,-23.21690693366611,-46.8756643097409,jundiai,SP
13214,-23.14441947847549,-46.93000189924409,jundiai,SP
13201,-23.192759454717024,-46.87833704570238,jundiai,SP
13209,-23.177647152374615,-46.90113367972752,jundiai,SP
13201,-23.18158337913322,-46.888702569392294,jundiaí,SP
13232,-23.21438523122222,-46.76501501718525,campo limpo paulista,SP
13202,-23.21045385278556,-46.8676478841295,jundiaí,SP
13201,-23.18701392172089,-46.889654479052396,jundiai,SP
13257,-22.99763368111134,-46.8500660517461,itatiba,SP
13252,-22.962507150351165,-46.79794228444784,itatiba,SP
13232,-23.214913573259143,-46.760423215809396,campo limpo paulista,SP
13215,-23.17589664637174,-46.886594495206815,jundiai,SP
13215,-23.180540216227012,-46.87767895836462,jundiai,SP
13257,-22.994724976419135,-46.85117528850747,itatiba,SP
13215,-23.172268076317216,-46.88772094157197,jundiaí,SP
13250,-23.005474434298936,-46.84112811740003,itatiba,SP
13250,-23.00839044680569,-46.833876065533204,itatiba,SP
13250,-23.005650799072185,-46.83409618754712,itatiba,SP
13252,-22.979856066423075,-46.757134321968294,itatiba,SP
13252,-22.96504972157105,-46.82287701262035,itatiba,SP
13347,-23.141554810215275,-47.23811647179686,indaiatuba,SP
13360,-23.0122137105142,-47.52203973160603,capivari,SP
13310,-23.27791979536116,-47.29777730942436,itu,SP
13330,-23.089034640573626,-47.214419237867084,indaiatuba,SP
13324,-23.205916980841412,-47.307845865802996,salto,SP
13301,-23.25803550268717,-47.294176355087124,itu,SP
13360,-22.990772945034408,-47.51164009533157,capivari,SP
13310,-23.270813251640966,-47.311412435428466,itu,SP
13301,-23.251528948381296,-47.296270166685765,itu,SP
13324,-23.206255019158586,-47.30927660866177,salto,SP
13360,-22.98796417929482,-47.51116109339832,capivari,SP
13347,-23.134722066333893,-47.221584962115514,indaiatuba,SP
13324,-23.205244798776622,-47.308052870390625,salto,SP
13310,-23.287540773713783,-47.30456778724705,itu,SP
13301,-23.25397365834723,-47.29773967317797,itu,SP
13330,-23.088542898147562,-47.218605642247056,indaiatuba,SP
13330,-23.0914003827399,-47.2235655015292,indaiatuba,SP
13347,-23.14074663177473,-47.24025890502938,indaiatuba,SP
13321,-23.190243653067114,-47.291570633360266,salto,SP
13321,-23.197672917017687,-47.28917041020834,salto,SP
13321,-23.192899439350256,-47.290064099198055,salto,SP
13416,-22.715110444918835,-47.645625352213,piracicaba,SP
13450,-22.760477687572443,-47.41281121951772,santa bárbara d'oeste,SP
13419,-22.726257875353635,-47.637811389520564,piracicaba,SP
13481,-22.599254430886607,-47.37980963550319,limeira,SP
13473,-22.72893170107914,-47.301322143632056,americana,SP
13484,-22.541719708891844,-47.427681190013296,limeira,SP
13405,-22.71683928585045,-47.65736585405934,piracicaba,SP
13450,-22.756626786385027,-47.4111694794038,santa barbara d'oeste,SP
13481,-22.598016562198158,-47.39727160848652,limeira,SP
13419,-22.725099386635033,-47.6450350453863,piracicaba,SP
13481,-22.60139017568815,-47.3993359679439,limeira,SP
13405,-22.710936940042746,-47.663007630878774,piracicaba,SP
13490,-22.47209221623169,-47.459789454545096,cordeiropolis,SP
13419,-22.73377846849216,-47.639347940619665,piracicaba,SP
13490,-22.47744291757259,-47.467572302045404,cordeiropolis,SP
13490,-22.476143963293328,-47.45555928757659,cordeiropolis,SP
13484,-22.557467011656755,-47.412519516792656,limeira,SP
13483,-22.56835042131686,-47.44743947974489,limeira,SP
13450,-22.76450592415474,-47.411613653251095,santa barbara d'oeste,SP
13424,-22.750100527352892,-47.6459038030758,piracicaba,SP
13405,-22.699512281724175,-47.665724599919194,piracicaba,SP
13473,-22.724093399388313,-47.30907423466445,americana,SP
13416,-22.711246585348242,-47.64666700637663,piracicaba,SP
13484,-22.55418469386578,-47.434601687344895,limeira,SP
13416,-22.71269517652486,-47.64551697126211,piracicaba,SP
13424,-22.741937243759317,-47.645782069278916,piracicaba,SP
13483,-22.55660583014023,-47.4426026873449,limeira,SP
13473,-22.72194739661835,-47.30124771801601,americana,SP
13425,-22.757830532892818,-47.608726882595654,piracicaba,SP
13483,-22.55557513627446,-47.44319503719197,limeira,SP
13424,-22.761202779329587,-47.644244922211826,piracicaba,SP
13425,-22.755940596168276,-47.6262459755613,piracicaba,SP
13425,-22.754501478735286,-47.61721091058374,piracicaba,SP
13500,-22.402133192076768,-47.56233402025511,rio claro,SP
13500,-22.41491433417961,-47.563594271712205,rio claro,SP
13500,-22.403318430948428,-47.56235280389065,rio claro,SP
13566,-22.000554387183286,-47.88585695697964,sao carlos,SP
13575,-22.03342996672426,-47.91371971353119,sao carlos,SP
13575,-22.025036975301497,-47.90953639661835,sao carlos,SP
13575,-22.032657858733874,-47.903296991545886,sao carlos,SP
13566,-21.998797113797657,-47.87527962031853,sao carlos,SP
13566,-22.001831496537545,-47.89690325728546,sao carlos,SP
13660,-21.858555070695946,-47.48403458197557,porto ferreira,SP
13660,-21.858024109469415,-47.45089890951482,porto ferreira,SP
13660,-21.85734338702371,-47.48243298547838,porto ferreira,SP
13630,-22.006605899216094,-47.42763984666532,pirassununga,SP
13630,-21.994980527536278,-47.43028384347642,pirassununga,SP
13630,-21.995365811709167,-47.427775551674856,pirassununga,SP
13803,-22.455719079469564,-46.977701463576665,mogi mirim,SP
13803,-22.457889701915857,-46.97821015751051,mogi mirim,SP
13803,-22.45243329964845,-46.97301103163442,mogi mirim,SP
13908,-22.72282092806635,-46.84179829244856,amparo,SP
13960,-22.59496246184797,-46.521509282521215,socorro,SP
13940,-22.47745636162787,-46.63246689302295,aguas de lindoia,SP
13960,-22.61079999327709,-46.53045940853702,socorro,SP
13960,-22.58383814893489,-46.52790344422774,socorro,SP
13900,-22.702619514570955,-46.7658643411045,amparo,SP
13920,-22.73824150585765,-46.895858577758595,pedreira,SP
13920,-22.73747302311109,-46.905260476888884,pedreira,SP
13940,-22.44707298070746,-46.57951946896681,aguas de lindoia,SP
13940,-22.4911253329457,-46.64963107013442,águas de lindóia,SP
13920,-22.740678596144093,-46.894453832800636,pedreira,SP
13900,-22.702340334853258,-46.76761018373958,amparo,SP
13900,-22.70219455536962,-46.76740994171618,amparo,SP
13912,-22.68805598473656,-46.98525572799933,jaguariúna,SP
13908,-22.720222540106178,-46.83840335691621,amparo,SP
13908,-22.7242404476888,-46.847308101448405,amparo,SP
13912,-22.68679129986047,-46.987069239138435,jaguariuna,SP
13912,-22.695197439472036,-46.98949485879009,jaguariúna,SP
14020,-21.210104711049134,-47.80139005429387,ribeirao preto,SP
14050,-21.17121748495008,-47.81941847157649,ribeirao preto,SP
14085,-21.168504408823374,-47.79370519233655,ribeirao preto,SP
14020,-21.2087768104334,-47.80689386955393,ribeirao preto,SP
14050,-21.17070226113826,-47.81391542675223,ribeirao preto,SP
14027,-21.224269886202343,-47.83392543796527,ribeirão preto,SP
14020,-21.204992158202995,-47.80241777338562,ribeirao preto,SP
14091,-21.1894024299152,-47.79295570344507,ribeirao preto,SP
14050,-21.174826499999998,-47.82756149999999,ribeirao preto,SP
14085,-21.159944612268443,-47.79639075437129,ribeirao preto,SP
14085,-21.17222709893554,-47.80487443442829,ribeirão preto,SP
14070,-21.116471333054424,-47.79073400291418,ribeirao preto,SP
14091,-21.186163456287147,-47.79504680474923,ribeirão preto,SP
14091,-21.19595624202203,-47.780174965029715,ribeirao preto,SP
14070,-21.105157720138212,-47.78577319246487,ribeirao preto,SP
14027,-21.223135878484502,-47.82298454581859,ribeirao preto,SP
14092,-21.174925033585303,-47.7686162776848,ribeirao preto,SP
14092,-21.182143558139572,-47.76111347362804,ribeirão preto,SP
14027,-21.22460317416279,-47.83355768826068,ribeirao preto,SP
14070,-21.118107048848742,-47.79240258090485,ribeirao preto,SP
14092,-21.17517809186911,-47.76670755467711,ribeirao preto,SP
14340,-20.98496873647953,-47.66278991609981,brodowski,SP
14340,-21.00009128717033,-47.6545574822642,brodowski,SP
14340,-20.98855745659279,-47.65808839654335,brodowski,SP
14407,-20.50234199999999,-47.4215895,franca,SP
14407,-20.487334285114922,-47.41559207749094,franca,SP
14407,-20.493197176589643,-47.40901041139382,franca,SP
14600,-20.581177442701474,-47.858931261277824,sao joaquim da barra,SP
14600,-20.584441273723943,-47.86021517030241,sao joaquim da barra,SP
14600,-20.584389190049052,-47.864972771911205,sao joaquim da barra,SP
14709,-20.928623885001464,-48.492996397226044,bebedouro,SP
14781,-20.5342210194687,-48.563568431308724,barretos,SP
14781,-20.5339514454671,-48.55325470191585,barretos,SP
14781,-20.543278169859757,-48.55219726464306,barretos,SP
14709,-20.929799673175356,-48.49403968056472,bebedouro,SP
14709,-20.914558974666566,-48.483864000000004,bebedouro,SP
14806,-21.759104419931877,-48.16642293075191,araraquara,SP
14840,-21.36235769739203,-48.232975701561735,guariba,SP
14806,-21.747811513705948,-48.16169977655383,araraquara,SP
14806,-21.75547304787396,-48.16948218707425,araraquara,SP
14840,-21.36638094534681,-48.2203674778317,guariba,SP
14840,-21.351028523238682,-48.22325233346996,guariba,SP
14940,-21.7664768468313,-48.83154737836604,ibitinga,SP
14940,-21.7506212217083,-48.83149741274348,ibitinga,SP
14940,-21.748902703984903,-48.81459759986821,ibitinga,SP
15025,-20.802436263463758,-49.39562406741489,sao jose do rio preto,SP
15025,-20.816686578378,-49.39492494796845,sao jose do rio preto,SP
15025,-20.807430981871633,-49.39686064490445,são josé do rio preto,SP
15056,-20.77506553244082,-49.3482776590689,sao jose do rio preto,SP
15014,-20.81734497064537,-49.38133679126948,sao jose do rio preto,SP
15014,-20.815344948009116,-49.37659736169625,sao jose do rio preto,SP
15013,-20.8186365094994,-49.36992583875571,são josé do rio preto,SP
15013,-20.820423405739128,-49.37130081674534,sao jose do rio preto,SP
15014,-20.813767850554274,-49.37673309046269,são josé do rio preto,SP
15056,-20.77334914021565,-49.333425071837304,sao jose do rio preto,SP
15056,-20.77506553244082,-49.3482776590689,são josé do rio preto,SP
15013,-20.81334166921947,-49.36927484742145,sao jose do rio preto,SP
15115,-20.9245222402303,-49.45780155372428,bady bassitt,SP
15115,-20.914112716234552,-49.45183368863267,bady bassitt,SP
15115,-20.916761080072153,-49.44995511597479,bady bassitt,SP
15190,-20.691381198603764,-50.04237071280033,nhandeara,SP
15190,-20.697381727321112,-50.04047620168677,nhandeara,SP
15190,-20.698455400647532,-50.04072650590467,nhandeara,SP
15200,-21.051780813361503,-49.68915443687084,jose bonifacio,SP
15200,-21.131290259095845,-49.78922260524095,jose bonifacio,SP
15200,-21.055912736547867,-49.689571659004145,josé bonifácio,SP
15350,-20.68604093423175,-50.55347736946949,auriflama,SP
15350,-20.68604093423175,-50.55347736946949,auriflama,SP
15350,-20.690802328468106,-50.552422185228906,auriflama,SP
15503,-20.399207577004216,-49.96964020815701,votuporanga,SP
15503,-20.39680830531416,-49.97988063853024,votuporanga,SP
15502,-20.405604560394835,-49.991952668038884,votuporanga,SP
15502,-20.420195425166018,-49.98253175215128,votuporanga,SP
15502,-20.40817022866278,-49.99320049196762,votuporanga,SP
15503,-20.396680426686547,-49.968573895395025,votuporanga,SP
15770,-20.23016673974443,-50.88638774105968,tres fronteiras,SP
15775,-20.212393090480738,-50.941471352999706,santa fe do sul,SP
15775,-20.20431335926956,-50.91992579709941,santa fe do sul,SP
15775,-20.19595736871753,-50.92164125893543,santa fe do sul,SP
15770,-20.231554896483633,-50.88462051956394,tres fronteiras,SP
15770,-20.229715779281072,-50.89080400863941,tres fronteiras,SP
15900,-21.40988100649633,-48.49689418444743,taquaritinga,SP
15900,-21.40418141044557,-48.49777983240524,taquaritinga,SP
15900,-21.41898560226624,-48.51609727667608,taquaritinga,SP
16200,-21.301705697260985,-50.33198634467411,birigui,SP
16200,-21.303314868389645,-50.33528422537569,birigui,SP
16200,-21.29680338463704,-50.35085179046796,birigui,SP
16301,-21.426570046543283,-50.06791761043272,penapolis,SP
16301,-21.43244049954755,-50.06402188573603,penapolis,SP
16301,-21.42515384406098,-50.06836922119719,penapolis,SP
16800,-21.131534491601712,-51.10568265114781,mirandopolis,SP
16880,-21.224205707284458,-50.87659435027987,valparaiso,SP
16800,-21.143838395401044,-51.11112298243324,mirandopolis,SP
16880,-21.219396841042272,-50.869259545806244,valparaiso,SP
16800,-21.135028708061007,-51.10126809070616,mirandopolis,SP
16880,-21.223644720365662,-50.87311727459785,valparaiso,SP
17011,-22.33464564974889,-49.05350529935354,bauru,SP
17011,-22.33708647583244,-49.052581284816256,bauru,SP
17011,-22.333955596859905,-49.05333280493818,bauru,SP
17064,-22.349206736746634,-49.041093419457894,bauru,SP
17064,-22.304182499999996,-49.08348225,bauru,SP
17064,-22.304689595071764,-49.09239842812619,bauru,SP
17209,-22.27568678711987,-48.542599749927895,jau,SP
17290,-22.50137476856727,-48.707334186318725,macatuba,SP
17210,-22.29164124459334,-48.54989181391441,jaú,SP
17210,-22.281215895466534,-48.53868307598841,jaú,SP
17210,-22.282919381903174,-48.53427430974091,jau,SP
17290,-22.502955662103986,-48.71328946036476,macatuba,SP
17290,-22.507924945294675,-48.715804071337196,macatuba,SP
17209,-22.273780358041392,-48.54247513835192,jaú,SP
17209,-22.265974791730194,-48.54498949441896,jau,SP
17340,-22.486085526661206,-48.547449669138985,barra bonita,SP
17340,-22.474909228033646,-48.567691354312736,barra bonita,SP
17340,-22.493896526916437,-48.550437804860955,barra bonita,SP
17320,-22.40983742501461,-48.45042421567509,mineiros do tiete,SP
17320,-22.411500328698448,-48.45605058860306,mineiros do tiete,SP
17320,-22.418813063848532,-48.44878657021624,mineiros do tietê,SP
17580,-22.105021567709144,-50.1738866856198,pompeia,SP
17580,-22.106689806288585,-50.190725462713125,pompéia,SP
17580,-22.111687619003064,-50.176574456652475,pompeia,SP
17670,-22.068283373833772,-50.30733411133655,quintana,SP
17670,-22.065666592202103,-50.30802426421909,quintana,SP
17670,-22.066497341459023,-50.30367030056031,quintana,SP
17810,-21.795775620123983,-51.185869746976095,mariapolis,SP
17810,-21.79388012815954,-51.17862916750759,mariapolis,SP
17810,-21.798464142678423,-51.18208883660527,mariapolis,SP
18078,-23.427220495412364,-47.46811611532685,sorocaba,SP
18078,-23.441158005828385,-47.47568142728947,sorocaba,SP
18040,-23.504368128224375,-47.466156284349914,sorocaba,SP
18040,-23.512977398551598,-47.46818008520402,sorocaba,SP
18080,-23.48355410407413,-47.45381582237861,sorocaba,SP
18078,-23.434321201223366,-47.45927794823706,sorocaba,SP
18080,-23.484240513734232,-47.462017206359256,sorocaba,SP
18085,-23.468697894347375,-47.438978129410216,sorocaba,SP
18017,-23.494190060505503,-47.40954169025909,sorocaba,SP
18017,-23.495895460730544,-47.421057902994995,sorocaba,SP
18090,-23.474158480273633,-47.4550642451937,sorocaba,SP
18055,-23.489741556206333,-47.509921178602326,sorocaba,SP
18090,-23.47956018296701,-47.443181854627646,sorocaba,SP
18017,-23.48378872486851,-47.40774776336286,sorocaba,SP
18015,-23.49636707533955,-47.43890030979464,sorocaba,SP
18085,-23.469615149208416,-47.43289966403189,sorocaba,SP
18085,-23.469396527064436,-47.43421682041671,sorocaba,SP
18040,-23.512084459893828,-47.46844719830917,sorocaba,SP
18055,-23.480488604106377,-47.51214891470318,sorocaba,SP
18090,-23.48279572879344,-47.4518772405627,sorocaba,SP
18055,-23.501010572854756,-47.48778882209016,sorocaba,SP
18015,-23.5042481312828,-47.43381525590049,sorocaba,SP
18080,-23.487800029141894,-47.456890376074796,sorocaba,SP
18015,-23.50400792495219,-47.42941601936718,sorocaba,SP
18110,-23.540699932021333,-47.45842622799934,votorantim,SP
18110,-23.53949605023373,-47.451092483640046,votorantim,SP
18110,-23.54362535911075,-47.45721109302991,votorantim,SP
18170,-23.705362945797205,-47.427790763889355,piedade,SP
18135,-23.54575741915263,-47.12353107857869,sao roque,SP
18135,-23.560283376136212,-47.12595597975237,sao roque,SP
18170,-23.71487730806902,-47.40698513324539,piedade,SP
18135,-23.547830521784313,-47.117788491257414,sao roque,SP
18170,-23.705694658671906,-47.44253047679127,piedade,SP
18277,-23.35332480010781,-47.86800362775606,tatuí,SP
18277,-23.347143287676836,-47.87786816920616,tatui,SP
18277,-23.35010733319298,-47.86614954670394,tatui,SP
18500,-23.035824733186516,-47.836302659482904,laranjal paulista,SP
18500,-23.051662431032522,-47.83935039056969,laranjal paulista,SP
18500,-23.050076294852147,-47.83545811576363,laranjal paulista,SP
18682,-22.60405058635247,-48.795055606488425,lençóis paulista,SP
18682,-22.60629544780534,-48.798319644319214,lencois paulista,SP
18606,-22.894664936797067,-48.45187419469744,botucatu,SP
18606,-22.909323153759605,-48.459856258814675,botucatu,SP
18682,-22.623075601464176,-48.78768342349641,lençóis paulista,SP
18606,-22.894664936797067,-48.45187419469744,botucatu,SP
18950,-23.050352082421156,-49.62755542394423,ipaussu,SP
18950,-23.06250342877329,-49.62721252652433,ipaussu,SP
18950,-23.054763395701315,-49.62692358780503,ipaussu,SP
19025,-22.09785593377639,-51.40156940368525,presidente prudente,SP
19025,-22.097091467943912,-51.40592221051419,presidente prudente,SP
19020,-22.13651597360134,-51.396204302534905,presidente prudente,SP
19020,-22.11542601839502,-51.38459355727485,presidente prudente,SP
19020,-22.117778726841266,-51.385876273784156,presidente prudente,SP
19025,-22.108736019507347,-51.41085577304067,presidente prudente,SP
19026,-22.105402408171003,-51.413704422732,presidente prudente,SP
19060,-22.127140898772836,-51.42017611679179,presidente prudente,SP
19026,-22.093664167954582,-51.40932455370756,presidente prudente,SP
19060,-22.12333863134034,-51.4163378696671,presidente prudente,SP
19060,-22.118111459042286,-51.41034607404064,presidente prudente,SP
19026,-22.07816011805831,-51.41591515710063,presidente prudente,SP
19500,-22.1493246770249,-51.16457140458282,martinopolis,SP
19500,-22.150214551617168,-51.171105692253995,martinopolis,SP
19500,-22.146560181556143,-51.170124622618545,martinópolis,SP
19830,-22.42925217631197,-50.20413759688468,echapora,SP
19830,-22.430991272359538,-50.206962250390575,echapora,SP
19830,-22.433640203934225,-50.20744061986336,echapora,SP
20040,-22.906800000000004,-43.176623145421054,rio de janeiro,RJ
20040,-22.91187791811421,-43.175093288476205,rio de janeiro,RJ
20040,-22.903996725229376,-43.17739555176294,rio de janeiro,RJ
20061,-22.905911692480792,-43.18657247155059,rio de janeiro,RJ
20061,-22.90617551096427,-43.1861327282878,rio de janeiro,RJ
20061,-22.907677452680456,-43.18574272107444,rio de janeiro,RJ
20270,-22.920104850395337,-43.22138202997862,rio de janeiro,RJ
20270,-22.917327369149884,-43.22326612724342,rio de janeiro,RJ
20261,-22.925732829755905,-43.22234726520112,rio de janeiro,RJ
20261,-22.92311913656292,-43.21745927240467,rio de janeiro,RJ
20270,-22.9139305681229,-43.21842471746775,rio de janeiro,RJ
20261,-22.91927432390783,-43.210597128772626,rio de janeiro,RJ
20220,-22.905451404379974,-43.20561545490215,rio de janeiro,RJ
20220,-22.90143317179301,-43.200833841652766,rio de janeiro,RJ
20251,-22.923409610046747,-43.20650332223439,rio de janeiro,RJ
20251,-22.9241864074384,-43.197089008050085,rio de janeiro,RJ
20220,-22.903192373016367,-43.20251333097695,rio de janeiro,RJ
20251,-22.930630482512804,-43.201971983021984,rio de janeiro,RJ
20510,-22.932641211206686,-43.23915878100303,rio de janeiro,RJ
20520,-22.92931946221692,-43.23596118471042,rio de janeiro,RJ
20510,-22.928935966962946,-43.2433679630678,rio de janeiro,RJ
20510,-22.92907250706913,-43.25223683873857,rio de janeiro,RJ
20520,-22.928752780743228,-43.23953630267176,rio de janeiro,RJ
20520,-22.925729954209675,-43.23359887079467,rio de janeiro,RJ
20756,-22.886098638900194,-43.3108898963299,rio de janeiro,RJ
20756,-22.89127048514059,-43.302010499999994,rio de janeiro,RJ
20756,-22.893051080212356,-43.30298378864907,rio de janeiro,RJ
21210,-22.842290284753936,-43.297620711754945,rio de janeiro,RJ
21221,-22.845194979456437,-43.30289927961805,rio de janeiro,RJ
21210,-22.848678283410315,-43.30691910219393,rio de janeiro,RJ
21210,-22.839359814876786,-43.29431354593456,rio de janeiro,RJ
21220,-22.85673089425243,-43.305178489179944,rio de janeiro,RJ
21221,-22.845581853453755,-43.31016020413755,rio de janeiro,RJ
21220,-22.850412639930923,-43.31380787108773,rio de janeiro,RJ
21220,-22.847431421865124,-43.31008047683069,rio de janeiro,RJ
21221,-22.844859558976303,-43.30179865390382,rio de janeiro,RJ
21321,-22.88688293782105,-43.365750051474464,rio de janeiro,RJ
21371,-22.84559560949849,-43.33790705190715,rio de janeiro,RJ
21371,-22.84633999056494,-43.336053980697194,rio de janeiro,RJ
21321,-22.88957136052289,-43.36715328005074,rio de janeiro,RJ
21321,-22.895428211495148,-43.361700762565604,rio de janeiro,RJ
21380,-22.884745903139226,-43.318324263517894,rio de janeiro,RJ
21380,-22.887816790986346,-43.31755795836461,rio de janeiro,RJ
21380,-22.88475545164224,-43.31455536803845,rio de janeiro,RJ
21371,-22.85057562808014,-43.32090156217894,rio de janeiro,RJ
21660,-22.842986588696125,-43.37442676618174,rio de janeiro,RJ
21660,-22.83721989035729,-43.37514321593856,rio de janeiro,RJ
21675,-22.84256011601936,-43.36598499293087,rio de janeiro,RJ
21675,-22.97947964141035,-43.68591073841534,rio de janeiro,RJ
21675,-22.847486761324852,-43.372235499711536,rio de janeiro,RJ
21660,-22.83844886539898,-43.37495874839867,rio de janeiro,RJ
21741,-22.888788747706183,-43.39092736733221,rio de janeiro,RJ
21741,-22.886825029141903,-43.39642184055624,rio de janeiro,RJ
21741,-22.892934219228106,-43.39661256590121,rio de janeiro,RJ
21810,-22.886342503904107,-43.46205222439118,rio de janeiro,RJ
21831,-22.889980452763453,-43.487711302932944,rio de janeiro,RJ
21820,-22.88108747100233,-43.4710032485429,rio de janeiro,RJ
21840,-22.874598503462455,-43.477731000000006,rio de janeiro,RJ
21820,-22.88164533527612,-43.47393372300766,rio de janeiro,RJ
21810,-22.878512218564385,-43.456743970049295,rio de janeiro,RJ
21831,-22.888976575412983,-43.48307233295428,rio de janeiro,RJ
21810,-22.882464471002322,-43.45292157799065,rio de janeiro,RJ
21840,-22.875070506780663,-43.465464,rio de janeiro,RJ
21840,-22.87417999048916,-43.47829407582582,rio de janeiro,RJ
21831,-22.894716855675455,-43.48565237815227,rio de janeiro,RJ
21820,-22.879935586733225,-43.47342064542105,rio de janeiro,RJ
21940,-22.817453343326203,-43.2015902282878,rio de janeiro,RJ
21940,-22.817406284607642,-43.2027707939928,rio de janeiro,RJ
21930,-22.819789537579453,-43.177251135490046,rio de janeiro,RJ
21930,-22.804973999999994,-43.33284,rio de janeiro,RJ
21930,-22.825210201223367,-43.1710885320561,rio de janeiro,RJ
21940,-22.813637427145235,-43.2043499074384,rio de janeiro,RJ
22021,-22.96461688037396,-43.17706729349651,rio de janeiro,RJ
22041,-22.968394910900845,-43.18999951289751,rio de janeiro,RJ
22021,-22.966360827081818,-43.1828095711813,rio de janeiro,RJ
22080,-22.98683086984238,-43.19030363696695,rio de janeiro,RJ
22041,-22.966050677217357,-43.192192913411006,rio de janeiro,RJ
22041,-22.970496205666766,-43.188172852213015,rio de janeiro,RJ
22021,-22.96457117790984,-43.17715721371685,rio de janeiro,RJ
22080,-22.986826658347223,-43.19436613113857,rio de janeiro,RJ
22080,-22.983558684430715,-43.191880841941234,rio de janeiro,RJ
22210,-22.927114980293158,-43.17362973258698,rio de janeiro,RJ
22250,-22.938518021928537,-43.17619539800332,rio de janeiro,RJ
22240,-22.93125598447676,-43.17881321481337,rio de janeiro,RJ
22270,-22.953795841248734,-43.18465490536092,rio de janeiro,RJ
22250,-22.939718668878818,-43.17113662657961,rio de janeiro,RJ
22210,-22.936749558976295,-43.18220295045876,rio de janeiro,RJ
22240,-22.933457718824084,-43.185823731346204,rio de janeiro,RJ
22210,-22.92999251817763,-43.17442973079797,rio de janeiro,RJ
22245,-22.942045134994665,-43.192373725331656,rio de janeiro,RJ
22270,-22.95076039967677,-43.182343158058764,rio de janeiro,RJ
22245,-22.942187580904843,-43.19167232183036,rio de janeiro,RJ
22260,-22.949140243955277,-43.1890677882164,rio de janeiro,RJ
22245,-22.93951550291419,-43.190813656529556,rio de janeiro,RJ
22260,-22.949140243955277,-43.1890677882164,rio de janeiro,RJ
22250,-22.941084835131903,-43.17220061310515,rio de janeiro,RJ
22270,-22.953511928385982,-43.19036215751051,rio de janeiro,RJ
22240,-22.938480754919542,-43.192685158203,rio de janeiro,RJ
22260,-22.953218363869766,-43.19652689174226,rio de janeiro,RJ
22451,-22.97823619758802,-43.2372780819727,rio de janeiro,RJ
22450,-22.99399656731484,-43.233967662069475,rio de janeiro,RJ
22450,-22.98729961394188,-43.229947262854054,rio de janeiro,RJ
22451,-22.98348515476173,-43.24194748139869,rio de janeiro,RJ
22450,-22.98661462003006,-43.23209734762538,rio de janeiro,RJ
22451,-22.981935604766623,-43.24069681571352,rio de janeiro,RJ
22631,-23.004308687229596,-43.32450783783356,rio de janeiro,RJ
22631,-23.003722012372748,-43.32536344366795,rio de janeiro,RJ
22631,-23.002162710802665,-43.34935300429917,rio de janeiro,RJ
22793,-23.009270961423038,-43.42940927644404,rio de janeiro,RJ
22775,-22.972956517889177,-43.39706327699233,rio de janeiro,RJ
22790,-23.011334694990957,-43.450256415344235,rio de janeiro,RJ
22790,-23.009535348289212,-43.436039237867085,rio de janeiro,RJ
22793,-22.99722362556803,-43.41515344348944,rio de janeiro,RJ
22793,-22.996132291707497,-43.404405778521514,rio de janeiro,RJ
22790,-23.01871347988913,-43.452904369957935,rio de janeiro,RJ
22775,-22.951480174082732,-43.38929163219839,rio de janeiro,RJ
22775,-22.98992771475405,-43.360488289071036,rio de janeiro,RJ
22770,-22.93862838995325,-43.36065293880199,rio de janeiro,RJ
22770,-22.938176713572616,-43.36057257799064,rio de janeiro,RJ
22713,-22.930927083992938,-43.3849856514328,rio de janeiro,RJ
22763,-22.949217347820927,-43.35077284348652,rio de janeiro,RJ
22795,-23.026044731317555,-43.461041421461076,rio de janeiro,RJ
22713,-22.92566741268944,-43.400638083652716,rio de janeiro,RJ
22795,-23.022111861840678,-43.48031281754715,rio de janeiro,RJ
22795,-23.02462025443473,-43.488420744047744,rio de janeiro,RJ
22713,-22.928811463788968,-43.39353999708581,rio de janeiro,RJ
22780,-22.96308886984238,-43.402024304605,rio de janeiro,RJ
22765,-22.95634609019567,-43.346746472243076,rio de janeiro,RJ
22765,-22.96065344214888,-43.352172146546245,rio de janeiro,RJ
22765,-22.959439438253735,-43.35328478864909,rio de janeiro,RJ
22770,-22.93576111907777,-43.36344160742101,rio de janeiro,RJ
22763,-22.97317569404896,-43.69234486338513,rio de janeiro,RJ
22763,-22.97317569404896,-43.69234486338513,rio de janeiro,RJ
22780,-22.960565206186363,-43.39238970941768,rio de janeiro,RJ
22780,-22.957889542327873,-43.38398511379764,rio de janeiro,RJ
23060,-22.89838745195309,-43.61308366857508,rio de janeiro,RJ
23060,-22.907634496249084,-43.60737250582838,rio de janeiro,RJ
23085,-22.888546173778685,-43.53316741287888,rio de janeiro,RJ
23060,-22.905698563419705,-43.60575205536961,rio de janeiro,RJ
23085,-22.89216500444339,-43.53691560268914,rio de janeiro,RJ
23085,-22.89230875353456,-43.542851793784955,rio de janeiro,RJ
23540,-22.97376912655093,-43.70185289840737,rio de janeiro,RJ
23595,-22.935550840109503,-43.66020027560581,rio de janeiro,RJ
23540,-22.971922941716183,-43.70247226311386,rio de janeiro,RJ
23595,-22.933572569404607,-43.654437394145525,rio de janeiro,RJ
23595,-22.940773743999955,-43.650199999999984,rio de janeiro,RJ
23540,-22.97601683152521,-43.698479448237066,rio de janeiro,RJ
23970,-23.226942512091888,-44.72617217705374,parati,RJ
23970,-23.09742,-44.70341400000001,parati,RJ
23970,-23.222391006473693,-44.71572883017043,paraty,RJ
24020,-22.89428279372572,-43.120737032394075,niteroi,RJ
24020,-22.891230572363682,-43.1231674633952,niteroi,RJ
24020,-22.8892743870251,-43.12412443134148,niteroi,RJ
24060,-22.88468203514288,-43.1104961936404,niteroi,RJ
24060,-22.883584117404336,-43.10702129768012,niteroi,RJ
24060,-22.884706522892582,-43.11066504599898,niteroi,RJ
24230,-22.911270381614713,-43.10515133611283,niterói,RJ
24230,-22.905032469083825,-43.11468244669432,niterói,RJ
24240,-22.896755634456788,-43.09981143435861,niteroi,RJ
24230,-22.909753214005306,-43.10187997642667,niteroi,RJ
24240,-22.896842962519557,-43.09897722661436,niterói,RJ
24240,-22.89691705580231,-43.09887729892085,niteroi,RJ
24340,-22.929128181028045,-43.0144161973205,niteroi,RJ
24340,-22.944007562964906,-43.036007272929844,niteroi,RJ
24340,-22.9361435122642,-43.02483743494996,niteroi,RJ
24445,-22.817267426623033,-43.039480514502614,sao goncalo,RJ
24451,-22.827869999999994,-43.01969625000001,sao goncalo,RJ
24445,-22.816439604035594,-43.02925437404341,sao goncalo,RJ
24451,-22.828184840625926,-43.02268017071824,sao goncalo,RJ
24451,-22.83563512107761,-43.00989848175705,sao goncalo,RJ
24445,-22.816219341749637,-43.02714176230601,sao goncalo,RJ
24431,-22.827206075806263,-43.08632597763122,sao goncalo,RJ
24431,-22.83192604604255,-43.08407348560339,sao goncalo,RJ
24431,-22.830935450903965,-43.08221952925961,são gonçalo,RJ
24754,-22.87403983236193,-43.03308929516996,sao goncalo,RJ
24754,-22.86852809532202,-43.02683092902773,sao goncalo,RJ
24754,-22.87403983236193,-43.03308929516996,sao goncalo,RJ
24901,-22.915173042853034,-42.8212120511168,marica,RJ
24901,-22.91721684234768,-42.818890293571904,maricá,RJ
24901,-22.923435115305676,-42.81814038461832,maricá,RJ
25065,-22.77760106919542,-43.29066335228759,duque de caxias,RJ
25010,-22.785786192374086,-43.316144229981525,duque de caxias,RJ
25065,-22.772233136115844,-43.288902226651146,duque de caxias,RJ
25035,-22.76533474882392,-43.30808280493542,duque de caxias,RJ
25010,-22.7917362566582,-43.31398616203581,duque de caxias,RJ
25065,-22.771078336592396,-43.28891438679472,duque de caxias,RJ
25035,-22.641819694154147,-43.27829145487951,duque de caxias,RJ
25010,-22.78663373956276,-43.31092427395628,duque de caxias,RJ
25035,-22.75665738966616,-43.30533734059427,duque de caxias,RJ
25250,-22.577232122164883,-43.305237856841536,duque de caxias,RJ
25250,-22.58209818116039,-43.307583564838346,duque de caxias,RJ
25250,-22.654846014016947,-43.287846953435405,duque de caxias,RJ
25645,-22.549033360244323,-43.210094724044055,petrópolis,RJ
25645,-22.533149334588636,-43.19472173668461,petrópolis,RJ
25645,-22.54059248152321,-43.19226709058091,petropolis,RJ
25955,-22.416152078478916,-42.96901641569299,teresopolis,RJ
25955,-22.41806523225555,-42.96919845959107,teresópolis,RJ
25955,-22.41841871373074,-42.96846601683999,teresópolis,RJ
25938,-22.647321106588063,-43.20284865417834,mage,RJ
25938,-22.66130257778654,-43.19728458162045,mage,RJ
25938,-22.648733031423813,-43.207045682246886,mage,RJ
26050,-22.68788394858645,-43.474674774022965,nova iguacu,RJ
26086,-22.726398157085686,-43.531096552602115,nova iguacu,RJ
26050,-22.68655408138584,-43.458310511918285,nova iguacu,RJ
26052,-22.67925755545412,-43.446769067369175,nova iguacu,RJ
26050,-22.690736361442024,-43.46676029410785,nova iguacu,RJ
26052,-22.68209966046276,-43.4454602656304,nova iguacu,RJ
26052,-22.675543229929485,-43.4476640360851,nova iguaçu,RJ
26086,-22.72116754448873,-43.5243778305793,nova iguacu,RJ
26086,-22.722555571935036,-43.52966179167427,nova iguaçu,RJ
26379,-22.75207045168108,-43.57632171567059,queimados,RJ
26379,-22.74030299393874,-43.56180347464912,queimados,RJ
26379,-22.73986306427028,-43.5604075785156,queimados,RJ
26980,-22.317290526360548,-43.40521798807556,avelar,RJ
26980,-22.322788810717185,-43.402737942394886,avelar,RJ
26980,-22.318952509821354,-43.40480563064033,avelar,RJ
27115,-22.456140309719462,-43.81912466039787,barra do pirai,RJ
27115,-22.45709335802899,-43.81675162421199,barra do pirai,RJ
27115,-22.461791708202934,-43.824747863523356,barra do pirai,RJ
27580,-22.498292896770568,-44.60024523254695,itatiaia,RJ
27580,-22.496556949682265,-44.56231840921269,itatiaia,RJ
27580,-22.500537678333384,-44.58078982676614,itatiaia,RJ
27920,-22.409683946328137,-41.80872105441502,macaé,RJ
27920,-22.39754118275921,-41.78812160965861,macae,RJ
27920,-22.397538951087753,-41.789271074622356,macae,RJ
27930,-22.403381937186253,-41.80967113254423,macae,RJ
27930,-22.405096831536245,-41.82103911220654,macae,RJ
27930,-22.40490294862712,-41.822914031421234,macae,RJ
28030,-21.759390492804982,-41.33723391477138,campos dos goytacazes,RJ
28030,-21.757504333989072,-41.341618894565215,campos dos goytacazes,RJ
28030,-21.762186238297257,-41.33432805042255,campos dos goytacazes,RJ
28300,-21.20851525964521,-41.87484723167247,itaperuna,RJ
28300,-21.21574307617513,-41.886145323149826,itaperuna,RJ
28300,-21.233149015593074,-41.87302751012435,itaperuna,RJ
28333,-21.09715817854375,-42.11289106111561,raposo,RJ
28333,38.38167205114709,-6.328200272094753,raposo,RJ
28333,-21.101927385021675,-42.115812249895214,raposo,RJ
28615,-22.31000521194919,-42.52023373510779,nova friburgo,RJ
28615,-22.362183005341045,-42.53367806754522,nova friburgo,RJ
28615,-22.309685600692134,-42.5259743258195,nova friburgo,RJ
28893,-22.493219717159718,-41.91021028549174,rio das ostras,RJ
28893,-22.528524968895365,-41.95010336281519,rio das ostras,RJ
28896,-22.50822029240638,-41.93096183440929,rio das ostras,RJ
28893,-22.526219772873254,-41.94980148490806,rio das ostras,RJ
28896,-22.505733000000006,-41.93488574999999,rio das ostras,RJ
28896,-22.50202867689811,-41.9380272090614,rio das ostras,RJ
28950,-22.765556142540753,-41.89927673881432,armacao dos buzios,RJ
28990,-22.91119567907111,-42.47940224673698,saquarema,RJ
28950,-22.75653891683595,-41.889208583324425,armação dos búzios,RJ
28950,-22.77072841439298,-41.93066304977724,armacao dos buzios,RJ
28990,-22.93191118633308,-42.491298060108065,saquarema,RJ
28990,-22.92426360836778,-42.52572573578401,saquarema,RJ
29057,-20.3015925,-40.2804855,vitoria,ES
29090,-20.258271017529587,-40.26903411769548,vitoria,ES
29070,-20.271848113509197,-40.290147702464125,vitoria,ES
29090,-20.26270811518263,-40.265441742310486,vitória,ES
29090,-20.26114186171554,-40.26151786263105,vitória,ES
29070,-20.26510181439877,-40.29830531159458,vitória,ES
29070,-20.257992669455728,-40.30122399916326,vitoria,ES
29057,-20.293528683593998,-40.296772514974975,vitoria,ES
29057,-20.29407971579432,-40.297445367592005,vitoria,ES
29115,-20.32824460206493,-40.34033016940007,vila velha,ES
29102,-20.37616120906966,-40.30529402401848,vila velha,ES
29102,-20.375978268297636,-40.31170370845259,vila velha,ES
29162,-20.20211616541636,-40.27191860450682,serra,ES
29102,-20.37616120906966,-40.30529402401848,vila velha,ES
29161,-20.234324999999945,-40.27391449999996,serra,ES
29161,-20.236497926018554,-40.29002268001985,serra,ES
29116,-20.339640108844748,-40.340200164555384,vila velha,ES
29115,-20.33197121356255,-40.33521893959889,vila velha,ES
29115,-20.328172625289945,-40.34019130010517,vila velha,ES
29161,-20.235187833198655,-40.2862641962317,serra,ES
29162,-20.20182935990801,-40.27189421499391,serra,ES
29116,-20.339396027893166,-40.34074113846689,vila velha,ES
29116,-20.342989261144663,-40.33878529007492,vila velha,ES
29162,-20.20304233925235,-40.274343060361666,serra,ES
29280,-20.794202816501418,-40.81036048086693,iconha,ES
29215,-20.664074744312916,-40.49773392386556,guarapari,ES
29280,-20.797402249648428,-40.810975999196195,iconha,ES
29215,-20.65695050283576,-40.499486118959304,guarapari,ES
29215,-20.66043461400416,-40.50121188001388,guarapari,ES
29280,-20.789960196121577,-40.803093577126354,iconha,ES
29360,-20.6037876686058,-41.202503863396664,castelo,ES
29360,-20.604779538180804,-41.20188409529621,castelo,ES
29300,-20.849362595227838,-41.11521241330253,cachoeiro de itapemirim,ES
29360,-20.609809119601152,-41.20217843541143,castelo,ES
29300,-20.844349681468003,-41.12231400197572,cachoeiro de itapemirim,ES
29300,-20.84993232073949,-41.11433959090398,cachoeiro de itapemirim,ES
29308,-20.846500676810646,-41.11457944426757,cachoeiro de itapemirim,ES
29308,-20.84352837144875,-41.11331767810962,cachoeiro de itapemirim,ES
29308,-20.842794141340686,-41.11694464188095,cachoeiro de itapemirim,ES
29600,-20.072234826974274,-41.13260705353448,afonso claudio,ES
29600,-20.067805830752203,-41.11702750488914,afonso claudio,ES
29600,-20.076310599567975,-41.12542515642709,afonso claudio,ES
29690,-19.803181753098443,-40.8569038914135,itaguacu,ES
29690,-19.803737714473506,-40.85633678198665,itaguacu,ES
29690,-19.80120107978441,-40.85517837571212,itaguaçu,ES
29932,-18.708974999999995,-39.87744749999999,sao mateus,ES
29970,-18.29448294595619,-39.953519734767184,pedro canário,ES
29970,-18.293283439577696,-39.95476928788746,pedro canario,ES
29970,-18.29359137112873,-39.95231881366095,pedro canario,ES
29932,-18.71498639306766,-39.87330178596701,sao mateus,ES
29932,-18.712566376999973,-39.87355999999994,são mateus,ES
30150,-19.92214631334759,-43.92783530223908,belo horizonte,MG
30180,-19.926141851520523,-43.93684827200066,belo horizonte,MG
30180,-19.93294796808813,-43.94620839286745,belo horizonte,MG
30150,-19.918850888972308,-43.92893509270583,belo horizonte,MG
30170,-19.92449229586244,-43.947039608806,belo horizonte,MG
30180,-19.927931016715277,-43.956170991906504,belo horizonte,MG
30130,-19.938406212043407,-43.937022068844044,belo horizonte,MG
30190,-19.921126734952896,-43.94119674937962,belo horizonte,MG
30150,-19.930840166801342,-43.925259298661054,belo horizonte,MG
30130,-19.935581574239745,-43.93765190120598,belo horizonte,MG
30130,-19.93871909547579,-43.93437901387847,belo horizonte,MG
30190,-19.923197778339198,-43.93766143363756,belo horizonte,MG
30170,-19.926157848874567,-43.93830887032684,belo horizonte,MG
30170,-19.92742642076859,-43.94027762891685,belo horizonte,MG
30190,-19.93045625783373,-43.95629402469849,belo horizonte,MG
30270,-19.92468463835193,-43.90432264946042,belo horizonte,MG
30270,-19.91506320843672,-43.905971892578975,belo horizonte,MG
30270,-19.924744368861436,-43.90435090161,belo horizonte,MG
30350,-19.944623503750908,-43.945072637803655,belo horizonte,MG
30320,-19.959546102948956,-43.93549305303234,belo horizonte,MG
30350,-19.94398102553522,-43.94788325673723,belo horizonte,MG
30320,-19.972806454613707,-43.93445705288811,belo horizonte,MG
30320,-19.974666257573933,-43.941663738963605,belo horizonte,MG
30350,-19.94712202553522,-43.947900282272435,belo horizonte,MG
30421,-19.939688821541896,-43.97533764669048,belo horizonte,MG
30411,-19.92159682447856,-43.95817411951201,belo horizonte,MG
30411,-19.928705071873804,-43.95814453052689,belo horizonte,MG
30494,-19.95661690748416,-43.968436347881045,belo horizonte,MG
30421,-19.927911017485144,-43.977285723555944,belo horizonte,MG
30421,-19.92872538061541,-43.97396355621798,belo horizonte,MG
30494,-19.966421378844757,-43.958112977523186,belo horizonte,MG
30411,-19.9283286217035,-43.95975954192385,belo horizonte,MG
30494,-19.966537283307286,-43.96126459800778,belo horizonte,MG
30628,-20.008291348866134,-44.0040272267586,belo horizonte,MG
30628,-19.919972089039693,-43.873308608093716,belo horizonte,MG
30628,-20.00802524672523,-44.004916917017674,belo horizonte,MG
30882,-19.885567704137554,-44.008161967799666,belo horizonte,MG
30882,-19.880930124963356,-44.00761644147912,belo horizonte,MG
30882,-19.884107975301497,-44.00733222355594,belo horizonte,MG
31170,-19.881438098245752,-43.91679121149515,belo horizonte,MG
31170,-19.887770901754237,-43.921303653211325,belo horizonte,MG
31170,-19.888801406890135,-43.92117948291889,belo horizonte,MG
31255,-19.878513898894187,-43.95694702879617,belo horizonte,MG
31255,-19.863147510675812,-43.94759366472388,belo horizonte,MG
31255,-19.861280696087473,-43.949471216775265,belo horizonte,MG
31710,-19.843708202868147,-43.95899630890419,belo horizonte,MG
31710,-19.842806232298503,-43.958133634052764,belo horizonte,MG
31710,-19.839800178746568,-43.95244234347042,belo horizonte,MG
31842,-19.840168078827364,-43.92329932223438,belo horizonte,MG
31842,-19.837843574528204,-43.92258296350051,belo horizonte,MG
31842,-19.837861418258438,-43.92284853649948,belo horizonte,MG
32110,-19.885757096253922,-44.01809003760589,contagem,MG
32110,-19.8805102490405,-44.016969213665206,contagem,MG
32110,-19.888565735804132,-44.0181162542333,contagem,MG
32210,-19.95289717247436,-44.030729447633405,contagem,MG
32210,-19.948656631535126,-44.02570558542109,contagem,MG
32210,-19.955060187860933,-44.01391768576098,contagem,MG
32604,-19.95866259017359,-44.19878943272789,betim,MG
32670,-19.94861206494891,-44.162520470021384,betim,MG
32670,-19.94952105467712,-44.15337923550117,betim,MG
32670,-19.959804691095815,-44.16890349194992,betim,MG
32604,-19.95675349870439,-44.193611989070114,betim,MG
32604,-19.935645003606684,-44.1913982113509,betim,MG
33015,-19.763735654477216,-43.847435364687506,santa luzia,MG
33015,-19.763851944488067,-43.844637074663325,santa luzia,MG
33015,-19.75808084643295,-43.842752620830865,santa luzia,MG
33082,-19.825817109220576,-43.83174988480986,santa luzia,MG
33082,-19.825817109220576,-43.83174988480986,santa luzia,MG
33082,-19.782537814450254,-43.912927890113,santa luzia,MG
33200,-19.755283922647653,-43.94895032392866,vespasiano,MG
33200,-19.702733458731448,-43.91729421090412,vespasiano,MG
33200,-19.742043464843494,-43.935595285362,vespasiano,MG
33930,-19.757171999999947,-44.161131499999954,ribeirao das neves,MG
33930,-19.788571362196326,-43.99224938051818,ribeirao das neves,MG
33930,-19.789619046744086,-43.99616258063901,ribeirao das neves,MG
33936,-19.766556071715673,-44.00162722365764,ribeirao das neves,MG
33936,-19.798604025535223,-44.005702499999984,ribeirao das neves,MG
33936,-19.820956892867443,-44.00746585567546,ribeirao das neves,MG
34004,-19.994602561506866,-43.8883942701527,nova lima,MG
34012,-20.024391972702404,-43.82237654520721,nova lima,MG
34012,-19.99573255748389,-43.897462622084454,nova lima,MG
34012,-20.001627221484014,-43.84298511195,nova lima,MG
34004,-19.990550788021054,-43.90472864779099,nova lima,MG
34004,-19.996685417162524,-43.88724513783749,nova lima,MG
35162,-19.4780955431646,-42.55679483097696,ipatinga,MG
35162,-19.474405219256763,-42.543484715938554,ipatinga,MG
35162,-19.46579905425952,-42.56290014531371,ipatinga,MG
35147,-19.902229208970322,-43.99422191212101,acucena,MG
35147,-19.071632801360842,-42.546259230068905,acucena,MG
35147,-19.076274142613915,-42.54788007556345,acucena,MG
35277,-18.72175326815486,-41.16411262482691,sao joao do manteninha,MG
35277,-18.6874308804364,-41.19824835577569,sao joao do manteninha,MG
35277,-18.687185955495135,-41.19665842797873,sao joao do manteninha,MG
35420,-20.375271220093484,-43.412101187344916,mariana,MG
35450,-20.257795846112877,-43.81183983084434,itabirito,MG
35420,-20.37708882209015,-43.41752871080264,mariana,MG
35420,-20.39365409512446,-43.3523272968721,mariana,MG
35450,-20.259379036435075,-43.80883309671046,itabirito,MG
35450,-20.24578688620973,-43.80615537270845,itabirito,MG
35460,-20.198222315762948,-44.00961734339785,brumadinho,MG
35460,-20.142620464974367,-44.19926821343981,brumadinho,MG
35460,-20.143995002659533,-44.201208548776194,brumadinho,MG
35501,-20.15825132557966,-44.88243792415554,divinopolis,MG
35501,-20.16078018253614,-44.89988209456939,divinópolis,MG
35590,-20.022568491315102,-45.54469897672237,lagoa da prata,MG
35501,-20.18396390442047,-44.90161807097957,divinópolis,MG
35590,-20.026730033085713,-45.5479680568989,lagoa da prata,MG
35590,-20.026503914520184,-45.53151652109847,lagoa da prata,MG
35530,-20.437733622502854,-44.75914024487753,claudio,MG
35530,-20.44685016580202,-44.774498706049116,claudio,MG
35530,-20.44176581018382,-44.76227681855618,claudio,MG
35680,-20.082126604231757,-44.5732983518722,itauna,MG
35680,-20.082863820808083,-44.58994677175283,itauna,MG
35680,-20.065877147174124,-44.56296563617719,itauna,MG
35700,-19.46361254830593,-44.24441403023008,sete lagoas,MG
35700,-19.47368682909056,-44.2523725467102,sete lagoas,MG
35700,-19.446041138705475,-44.25971760711331,sete lagoas,MG
36015,-21.75964925062038,-43.353198256592975,juiz de fora,MG
36015,-21.754465124617695,-43.35644797960066,juiz de fora,MG
36015,-21.754479619461755,-43.3582813307454,juiz de fora,MG
36301,-21.12573618818162,-44.255521629061086,sao joao del rei,MG
36301,-21.12161791049766,-44.24683213324373,sao joao del rei,MG
36301,-21.12784231473256,-44.25087294601537,sao joao del rei,MG
36415,-20.50410692238407,-43.858586415220174,congonhas,MG
36415,-20.491344774412934,-43.865663357895386,congonhas,MG
36415,-20.52273475015682,-43.86484192572274,congonhas,MG
36500,-21.12574332854103,-42.92260482854105,uba,MG
36500,-21.120310774314145,-42.94016552335961,ubá,MG
36500,-21.123380522147766,-42.946902529074606,uba,MG
36572,-20.76027712980263,-42.88944983002101,vicosa,MG
36572,-20.76480420831578,-42.88284044721105,vicosa,MG
36572,-20.76786386951883,-42.88700917494993,vicosa,MG
36880,-21.131145000000004,-42.360993068411354,muriaé,MG
36880,-21.13023044121905,-42.348076998704144,muriae,MG
36880,-21.135176401658608,-42.37119242902185,muriae,MG
36815,-20.726935136848617,-42.28111990253112,fervedouro,MG
36815,-20.728969491054354,-42.28276797158771,fervedouro,MG
36815,-20.737078520047525,-42.28680325825466,fervedouro,MG
37014,-21.54974180312539,-45.443033590623415,varginha,MG
37014,-21.553797362649988,-45.44378940107224,varginha,MG
37014,-21.555201724899433,-45.44829379001925,varginha,MG
37175,-20.944705621834668,-45.82709818233235,ilicinea,MG
37175,-20.935942214243493,-45.82479935306044,ilicinea,MG
37175,-20.945366562866614,-45.82767427119441,ilicinea,MG
37200,-21.24898018734491,-44.99817928074323,lavras,MG
37200,-21.2600451770291,-44.99611985493299,lavras,MG
37200,-21.2426989838444,-45.002703206636184,lavras,MG
37410,-21.692167942210077,-45.25804903964345,tres coracoes,MG
37443,-21.956309999999995,-44.882378788136165,baependi,MG
37443,-21.957686037543912,-44.88693038054984,baependi,MG
37410,-21.698903984181058,-45.25523274437574,tres coracoes,MG
37410,-21.69175804531425,-45.252382700671625,tres coracoes,MG
37443,-21.958915499999996,-44.893152,baependi,MG
37580,-22.42880507067007,-46.569550269431765,monte siao,MG
37550,-22.234236622623655,-45.935242048994425,pouso alegre,MG
37580,-22.43499539028082,-46.57283594701967,monte siao,MG
37550,-22.242937718239396,-45.95917710964745,pouso alegre,MG
37550,-22.234653321414157,-45.93580773223827,pouso alegre,MG
37580,-22.42595319219221,-46.578837491127715,monte siao,MG
37564,-22.264093569966427,-46.15856420525942,borda da mata,MG
37564,-22.324906156174034,-46.0597387675012,borda da mata,MG
37564,-22.276943929547784,-46.16606415166791,borda da mata,MG
37589,-22.030606560486653,-45.83142509878336,silvianopolis,MG
37589,-22.02802294408908,-45.840190683375646,silvianopolis,MG
37589,-21.70498593931004,-43.4374393891972,silvianopolis,MG
37704,-21.801414691524894,-46.54455938110862,pocos de caldas,MG
37705,-21.80620116472057,-46.53979191923391,pocos de caldas,MG
37704,-21.79235407367703,-46.600108130266285,pocos de caldas,MG
37704,-21.795452351469052,-46.55127729255386,pocos de caldas,MG
37705,-21.806866990947388,-46.54157258472982,pocos de caldas,MG
37757,-21.782664882148914,-45.966622292300464,poco fundo,MG
37757,-21.780527529953186,-45.96398895546406,poco fundo,MG
37757,-21.78098906805787,-45.96263889615662,poço fundo,MG
37705,-21.805654500000003,-46.53843075,pocos de caldas,MG
37805,-21.251436315602934,-46.57795763840745,juruaia,MG
37805,-21.253415021289115,-46.57663786534053,juruaia,MG
37805,-21.253571882011904,-46.58396754902995,juruaia,MG
37968,-21.192080013613396,-46.98009605241138,monte santo de minas,MG
37968,-21.192218694415796,-46.97465238560467,monte santo de minas,MG
37968,-21.18347538923318,-46.97922408786058,monte santo de minas,MG
38070,-19.731044422960803,-47.9220591241417,uberaba,MG
38065,-19.73866515681802,-47.93897911197998,uberaba,MG
38065,-19.74208170996594,-47.93406908228983,uberaba,MG
38070,-19.724123902302512,-47.9263940044434,uberaba,MG
38070,-19.735643598389984,-47.91954790161,uberaba,MG
38065,-19.738130678602328,-47.92960955092622,uberaba,MG
38180,-19.571949757891144,-46.955418278639776,araxá,MG
38180,-19.590170697868505,-46.95586029802197,araxá,MG
38180,-19.59030073070081,-46.95260913625269,araxa,MG
38400,-18.91595976602804,-48.278974174995646,uberlandia,MG
38440,-18.65223568071188,-48.19343213192182,araguari,MG
38400,-18.900442445467096,-48.260758558139585,uberlandia,MG
38440,-18.65005688716443,-48.19506965625226,araguari,MG
38414,-18.941414134052756,-48.33714543949449,uberlandia,MG
38400,-18.913015152374623,-48.26213189982101,uberlandia,MG
38408,-18.925348871775622,-48.24236513543774,uberlandia,MG
38414,-18.9107353018903,-48.32400752830543,uberlândia,MG
38408,-18.918517588954924,-48.26226926380634,uberlandia,MG
38408,-18.927277526272604,-48.24445408653066,uberlandia,MG
38414,-18.913085230822674,-48.31961689812275,uberlandia,MG
38440,-18.64906148486714,-48.1910192001632,araguari,MG
38442,-18.643784093954583,-48.20804381879092,araguari,MG
38442,-18.6514577819321,-48.20742610131435,araguari,MG
38442,-18.64595346635146,-48.21092778464031,araguari,MG
38700,-18.60497691187199,-46.52154885505743,patos de minas,MG
38700,-18.59062848597947,-46.51305630683157,patos de minas,MG
38700,-18.58865644973159,-46.51525043744666,patos de minas,MG
38970,-19.694340546340555,-46.169670899679815,campos altos,MG
38970,-19.696948963124246,-46.165583055207115,campos altos,MG
38970,-19.692676161067716,-46.1681780197851,campos altos,MG
39280,-17.355926266727163,-44.959898092300094,buritizeiro,MG
39280,-17.370689937059016,-44.97379104179373,buritizeiro,MG
39280,-17.532063177680122,-45.28162773218186,buritizeiro,MG
39330,-16.213651546849597,-44.43006422494324,brasilia de minas,MG
39330,-16.219219691391856,-44.43565027457762,brasília de minas,MG
39390,-17.126574817685405,-43.81059822795839,bocaiuva,MG
39330,-16.207781584877115,-44.44597307310963,brasilia de minas,MG
39390,-17.107067839506396,-43.81675251308608,bocaiuva,MG
39390,-17.112548566913933,-43.80602232937073,bocaiúva,MG
39480,-15.485938887533463,-44.366668306654134,januaria,MG
39480,-15.485285040003307,-44.366898234168914,januaria,MG
39480,-15.487387668221462,-44.36377070999378,januaria,MG
39620,-16.221089452445266,-41.47478396144617,medina,MG
39620,-16.224853953364192,-41.4733218022428,medina,MG
39620,-16.222766844420544,-41.48000598322962,medina,MG
39740,-18.784967749437957,-42.944086961896645,guanhaes,MG
39740,-18.775518376593972,-42.93030643762445,guanhaes,MG
39740,-18.782104281847676,-42.94087228120039,guanhaes,MG
39803,-17.874759140381467,-41.51487387943194,teofilo otoni,MG
39803,-17.874759140381467,-41.51487387943194,teofilo otoni,MG
39803,-17.87540732617816,-41.507932643462276,teofilo otoni,MG
39848,-18.47927585879523,-41.38539809105656,sao jose do divino,MG
39848,-18.48409890824156,-41.39150649035586,sao jose do divino,MG
39848,-18.48145186291795,-41.38991686291794,sao jose do divino,MG
40280,-12.987439953084486,-38.46781884277795,salvador,BA
40280,-12.9877759597496,-38.46852211088346,salvador,BA
40280,-12.989668977105316,-38.47506926195426,salvador,BA
41680,-12.951849983601575,-38.40262950983905,salvador,BA
41680,-12.958419975341032,-38.40532922491144,salvador,BA
41680,-12.950272776768797,-38.39475825407012,salvador,BA
41740,-12.95671224530958,-38.40792767251398,salvador,BA
41740,-12.95671224530958,-38.40792767251398,salvador,BA
41740,-12.95671224530958,-38.40792767251398,salvador,BA
42738,-12.895112589380958,-38.33895999999978,lauro de freitas,BA
42738,-12.892754063041194,-38.33124135307967,lauro de freitas,BA
42738,-12.894281927001014,-38.34927935636794,lauro de freitas,BA
42850,-12.612785254478522,-38.30880282506203,dias d'avila,BA
42850,-12.634518929174963,-38.26827264865053,dias d'ávila,BA
42850,-12.63629143822611,-38.2675859223211,dias d'avila,BA
44340,-12.627486590276227,-38.996325559626605,muritiba,BA
44340,-12.623812345464666,-38.98755573727303,muritiba,BA
44340,-12.617551869327563,-38.983132110136914,muritiba,BA
45026,-14.889352500000001,-40.84248825000001,vitoria da conquista,BA
45000,-14.850040620318518,-40.841375171100495,vitoria da conquista,BA
45000,-14.855197924231046,-40.83916347071387,vitoria da conquista,BA
45026,-14.905407826021031,-40.83790557630759,vitoria da conquista,BA
45000,-14.84978622865235,-40.84453683577515,vitória da conquista,BA
45026,-14.9054997125141,-40.83778824837762,vitoria da conquista,BA
45816,-16.48006288480821,-39.06740132856377,arraial d'ajuda,BA
45816,-16.49170788813071,-39.07663770041194,arraial d'ajuda,BA
45816,-16.47078051009738,-39.06281157087628,arraial d'ajuda,BA
46100,-14.21009227483139,-41.68123821749442,brumado,BA
46100,-14.201627055010158,-41.66814325134338,brumado,BA
46100,-14.201174353304866,-41.67309633291148,brumado,BA
46575,-13.333729171545942,-42.297467403298484,caturama,BA
46575,-13.330135334882206,-42.29252600580825,caturama,BA
46575,-13.333729171545942,-42.297467403298484,caturama,BA
46970,-12.287128158459995,-41.16958186909341,wagner,BA
46970,-12.278125763916345,-41.16698361039859,wagner,BA
46970,-12.28568232822174,-41.16699999147694,wagner,BA
48540,-9.868628404236617,-38.89767225678937,jeremoabo,BA
48540,-10.077496797490623,-38.34342365824343,jeremoabo,BA
48540,-9.86705119005572,-38.89819498727831,jeremoabo,BA
48895,-11.462450913070407,-39.525585116029994,sao domingos,BA
48895,-11.467038033634571,-39.52848215565187,sao domingos,BA
48895,-11.46555316898935,-39.52878657245291,sao domingos,BA
49037,-10.995108708420165,-37.05902455806738,aracaju,SE
49037,-10.992623615150016,-37.057020095407594,aracaju,SE
49037,-10.990138096860768,-37.07423551650418,aracaju,SE
50070,-8.062508669455134,-34.89729983389103,recife,PE
50070,-8.064403072162264,-34.89074380307581,recife,PE
50070,-8.062508669455134,-34.89729983389103,recife,PE
50710,-8.038133999999996,-34.909973999999984,recife,PE
50710,-8.044834285042393,-34.90499878642737,recife,PE
50710,-8.038133999999996,-34.909973999999984,recife,PE
51250,-8.138173275583135,-34.9322264583223,recife,PE
51250,-8.132082223700172,-34.93938027407813,recife,PE
51250,-8.140241672722615,-34.92262337160403,recife,PE
54753,-8.011133014715186,-34.967871440186975,camaragibe,PE
54753,-8.027205417488695,-34.99946255509837,camaragibe,PE
54753,-8.016866183998028,-34.966241708004034,camaragibe,PE
55400,-8.670113637362366,-35.724458127981634,catende,PE
55400,-8.669575678483309,-35.723012686160196,catende,PE
55400,-8.666927905590663,-35.72340882173077,catende,PE
55660,-8.229795354769395,-35.754312953644195,bezerros,PE
55644,-8.208423317991008,-35.56779396710883,gravata,PE
55660,-8.234685323433789,-35.75268784736466,bezerros,PE
55660,-8.232500270124785,-35.75671858076314,bezerros,PE
55644,-8.205491534017991,-35.5793609815339,gravata,PE
55644,-8.21050694258934,-35.57069724039359,gravata,PE
55740,-7.686243000000003,-35.51522175000001,machados,PE
55740,-7.685126999999997,-35.51802750000001,machados,PE
55740,-7.690626000000002,-35.511272999999996,machados,PE
57820,-9.308105925228173,-35.944961732058914,murici,AL
57820,-9.310767585906133,-35.946432426869166,murici,AL
57820,-9.306440999999992,-35.94431474999999,murici,AL
58340,-7.094054066530962,-35.227660806664296,sape,PB
58340,-7.09194378207399,-35.23609873203337,sape,PB
58340,-7.1006798438552705,-35.229183792213504,sape,PB
58390,-6.947982726422446,-35.54495800976266,alagoinha,PB
58390,-6.947732452014095,-35.54466484911931,alagoinha,PB
58390,-6.9439083154857695,-35.54262840487183,alagoinha,PB
60015,-3.7316845947833,-38.5381370276127,fortaleza,CE
60015,-3.7293704840440607,-38.53387631903174,fortaleza,CE
60015,-3.732287217871791,-38.53976914432454,fortaleza,CE
60110,-3.7439878986958197,-38.51979040161001,fortaleza,CE
60110,-3.7295449811245827,-38.515601513958494,fortaleza,CE
60110,-3.734688709129221,-38.51597824646543,fortaleza,CE
60326,-3.7250594977681155,-38.55292649851207,fortaleza,CE
60326,-3.7252470591205262,-38.554088112960926,fortaleza,CE
60326,-3.7252470591205262,-38.554088112960926,fortaleza,CE
60820,-3.783230151537899,-38.50796423910784,fortaleza,CE
60830,-3.811166235954361,-38.47864510204188,fortaleza,CE
60811,-3.7723706516872326,-38.50259139127932,fortaleza,CE
60830,-3.8120073664759713,-38.49739514659038,fortaleza,CE
60820,-3.778836150598514,-38.505403323213756,fortaleza,CE
60830,-3.8093823632322805,-38.46846572534463,fortaleza,CE
60811,-3.7730797446453694,-38.502102541369176,fortaleza,CE
60811,-3.7716757951443185,-38.48406697820404,fortaleza,CE
60820,-3.7841274428480656,-38.506020100264635,fortaleza,CE
62170,-3.9039954750463117,-40.74463854634254,mucambo,CE
62170,-3.9055687561400174,-40.746763639712746,mucambo,CE
62170,-3.905608711391806,-40.74519213417545,mucambo,CE
62748,-4.46796582790204,-38.90178674060113,capistrano,CE
62748,-4.464828557759037,-38.899835131374964,capistrano,CE
62748,-4.466087962543707,-38.89974247668484,capistrano,CE
62880,-4.103667442881338,-38.495564300328574,horizonte,CE
62880,-4.106685850219037,-38.495819036634586,horizonte,CE
62880,-4.099855481140387,-38.49902798751317,horizonte,CE
63502,-6.372217218070637,-39.29746252311102,iguatu,CE
63502,-6.413144999999929,-39.32190318499994,iguatu,CE
63502,-6.3681872651807545,-39.297419404796834,iguatu,CE
64067,-5.006877322341958,-42.78424119919932,teresina,PI
64067,-5.006877322341958,-42.78424119919932,teresina,PI
64071,-5.037076797823699,-42.735673432897435,teresina,PI
64071,-5.037218782144542,-42.733737565566244,teresina,PI
64033,-5.139654791009783,-42.7491852873246,teresina,PI
64033,-5.152301749583986,-42.75732490158703,teresina,PI
64067,-5.008241895548203,-42.77286328763935,teresina,PI
64033,-5.14543238751753,-42.75318198048951,teresina,PI
65072,-2.5460792339719513,-44.3089863702464,são luís,MA
65070,-2.510120869928807,-44.25121688601078,sao luis,MA
65070,-2.52308051457095,-44.266643999999985,sao luis,MA
65072,-2.5026939737060876,-44.2513815357283,sao luis,MA
65072,-2.502964844397259,-44.24609333467209,sao luis,MA
65070,-2.5183856996941514,-44.26152915015291,sao luis,MA
65670,-6.432787966184797,-43.98397756418246,paraibano,MA
65670,-6.4384500062032615,-43.988422579877614,paraibano,MA
65670,-6.431767127761333,-43.98887868733363,paraibano,MA
65810,-9.112023398351866,-45.93318002372552,alto parnaiba,MA
65810,-9.112226404065046,-45.94120711964771,alto parnaiba,MA
65810,-9.107897248061684,-45.93115357905469,alto parnaiba,MA
65903,-5.51617802489586,-47.48000662042198,imperatriz,MA
65903,-5.517183612030371,-47.47196161203037,imperatriz,MA
65903,-5.514828713999975,-47.47158499999995,imperatriz,MA
66085,-1.436736864850719,-48.47258827728078,belem,PA
66085,-1.4455611856428048,-48.461924558399375,belem,PA
66080,-1.4219309958450534,-48.466488682353244,belem,PA
66085,-1.4336864999999992,-48.472640999999996,belém,PA
66095,-1.4282248678804774,-48.45969414418032,belem,PA
66095,-1.4294321678978585,-48.459247722719226,belem,PA
66095,-1.4333461485081418,-48.45111952596791,belem,PA
66080,-1.4381932096326424,-48.45954742893308,belem,PA
66080,-1.4384237429769782,-48.45920274801048,belem,PA
66120,-1.4131656572220435,-48.47726487206407,belém,PA
66120,-1.4152498526319304,-48.479711685844805,belem,PA
66120,-1.4145023721796515,-48.472377847481155,belem,PA
66812,-1.3110114256284449,-48.48288380246924,belem,PA
66812,-1.3060954473753927,-48.479953286194046,belem,PA
66812,-1.3089894171905798,-48.48607971856428,belem,PA
67110,-1.3928100127452687,-48.413519126809256,ananindeua,PA
67110,-1.3925807202443083,-48.41051213781511,ananindeua,PA
67110,-1.3823702152880548,-48.40745002800383,ananindeua,PA
67200,-1.3614698897066804,-48.34930091963961,marituba,PA
67200,-1.3648076000453726,-48.33844315702191,marituba,PA
67200,-1.365245999999999,-48.34868399999999,marituba,PA
69042,-3.082881436580295,-60.04371738842405,manaus,AM
69042,-3.074103494133787,-60.05564761401431,manaus,AM
69042,-3.0731787660280507,-60.055710454065434,manaus,AM
69314,2.815559357017278,-60.73721031436043,boa vista,RR
69314,2.817158513264863,-60.73659554931008,boa vista,RR
69314,2.8478713271880256,-60.724468579412154,boa vista,RR
70390,-15.803374410496815,-47.90297513543773,brasilia,DF
70390,-15.824240355407609,-47.9285890225758,brasilia,DF
70390,-15.821622518394545,-47.92456984427245,brasilia,DF
70673,-15.806524500000004,-47.93582925,brasilia,DF
70673,-15.806308499999995,-47.935446750000004,brasília,DF
70673,-15.795504000000001,-47.921435999999986,cruzeiro,DF
70640,-15.783742812655094,-47.934248442552914,brasília,DF
70640,-15.786677214130425,-47.93586342032346,brasilia,DF
70640,-15.783270357125364,-47.93648864463725,brasilia,DF
70735,-15.778699796124183,-47.88661075736597,brasilia,DF
70735,-15.778699796124183,-47.88661075736597,brasilia,DF
70735,-15.778969072162269,-47.88487449042069,brasilia,DF
71070,-15.84494561197996,-47.98527498130505,brasilia,DF
71070,-15.84494561197996,-47.98527498130505,brasilia,DF
71070,-15.830698500000004,-47.98762875000001,brasília,DF
71020,-15.820608327447964,-47.9774549546782,brasilia,DF
71020,-15.81201576997055,-47.97346995423745,brasilia,DF
71020,-15.819046975693828,-47.9771726892346,brasilia,DF
71200,-15.805754999999998,-47.96828099999999,brasilia,DF
71200,-15.801308999999993,-47.96956575,brasilia,DF
71200,-15.801308999999993,-47.96956575,brasilia,DF
71691,-15.906466093180695,-47.77423989072256,brasilia,DF
71691,-15.894328111645605,-47.77439500277818,brasilia,DF
71691,-15.902972343891031,-47.76640033122178,brasilia,DF
71699,-15.793056283368955,-47.848963327226045,brasilia,DF
71699,-15.793137515616845,-47.85426798429624,brasilia,DF
71927,-15.842186999999996,-48.03074439549317,brasília,DF
71927,-15.845120615212805,-48.03090986676148,brasilia,DF
71927,-15.845120615212805,-48.03090986676148,brasilia,DF
72015,-15.840667480274698,-48.051942900348365,brasília,DF
72015,-15.838648121555506,-48.05532734844216,brasilia,DF
72015,-15.839262642490038,-48.05447774951785,brasilia,DF
72146,-15.792944703705848,-48.10841688927572,brasília,DF
72146,-15.79515752940355,-48.10485167642128,brasilia,DF
72146,-15.793008177736949,-48.107304811704076,brasilia,DF
72241,-15.808551384889737,-48.12935656552741,brasilia,DF
72241,-15.805178507819173,-48.129854101268066,brasilia,DF
72241,-15.812365128144725,-48.130275314577275,brasília,DF
74015,-16.67898870965733,-49.259448951079584,goiânia,GO
74015,-16.67898870965733,-49.259448951079584,goiania,GO
74015,-16.67941393135231,-49.26041363967815,goiania,GO
74115,-16.684447684218387,-49.266119666748324,goiania,GO
74115,-16.685550044492906,-49.26308620364859,goiania,GO
74115,-16.682804669888856,-49.26275499731228,goiania,GO
74323,-16.69955774566663,-49.31646534449651,goiânia,GO
74323,-16.69955774566663,-49.31646534449651,goiania,GO
74323,-16.700144287105726,-49.31577333431691,goiania,GO
74884,-16.72204111672155,-49.18413937967532,goiania,GO
74884,-16.71602000018882,-49.18701129890481,goiania,GO
74835,-16.726294140567493,-49.27637154365813,goiania,GO
74884,-16.705471963283177,-49.20099701516047,goiania,GO
74835,-16.730685461245297,-49.27486191247986,goiania,GO
74835,-16.72395007458451,-49.26776847507098,goiania,GO
74980,-16.823260944189276,-49.24736809575025,aparecida de goiania,GO
74980,-16.82238947199252,-49.24307717037697,aparecida de goiania,GO
74980,-16.824023111540466,-49.28262787199685,aparecida de goiania,GO
76820,-8.758315388434864,-63.87176178724397,porto velho,RO
76820,-8.757599357180244,-63.86371205359607,porto velho,RO
76820,-8.768427226184025,-63.87678609669131,porto velho,RO
78020,-15.60297857178555,-56.10296014321507,cuiaba,MT
78020,-15.609825381461059,-56.10229706515178,cuiaba,MT
78068,-15.616298779557065,-56.047402666183274,cuiaba,MT
78045,-15.588913837119897,-56.0987026492805,cuiaba,MT
78020,-15.598752099079443,-56.09910474085906,cuiaba,MT
78050,-15.58027272133767,-56.065051952646904,cuiaba,MT
78050,-15.65126025362845,-56.03834819323029,cuiaba,MT
78050,-15.583957183002696,-56.07212635819783,cuiaba,MT
78045,-15.58021782660345,-56.09549090768726,cuiaba,MT
78068,-15.611244175779367,-56.0531564933025,cuiaba,MT
78068,-15.64118563322807,-56.06481598243132,cuiaba,MT
78045,-15.589912499999992,-56.09157524999999,cuiaba,MT
78098,-15.674088490345008,-56.04097906959918,cuiaba,MT
78098,-15.639365990237403,-55.98083578740107,cuiaba,MT
78098,-15.638955420316831,-55.97044947356653,cuiaba,MT
78300,-14.626259297036649,-57.49943277213334,tangara da serra,MT
78300,-14.637500173453036,-57.46291702274207,tangara da serra,MT
78300,-14.61963768416454,-57.48381910817491,tangara da serra,MT
78398,-15.329344472220354,-57.20481983737399,porto estrela,MT
78398,-15.330001267791054,-57.20065491809883,porto estrela,MT
78398,-15.330956081346164,-57.202618447246074,porto estrela,MT
78580,-9.860566767287837,-56.090677116367935,alta floresta,MT
78580,-10.026614999999946,-56.478900499999966,alta floresta,MT
78580,-9.87714260226332,-56.08495941812554,alta floresta,MT
78600,-15.87636437716699,-52.26320605049736,barra do garças,MT
78600,-15.888631151469259,-52.30777920300038,barra do garças,MT
78640,-13.55856770863092,-52.26752495815682,canarana,MT
78640,-13.557678369370217,-52.26752090593074,canarana,MT
78600,-15.877378604324878,-52.230890165413825,barra do garcas,MT
78640,-13.550373663456362,-52.27028253263189,canarana,MT
79051,-20.48227935607949,-54.59397058465576,campo grande,MS
79011,-20.429290801412158,-54.59572951433716,campo grande,MS
79011,-20.43620353329184,-54.61741974605939,campo grande,MS
79051,-20.486009901205986,-54.582869196347275,campo grande,MS
79051,-20.490751141554583,-54.595642021668745,campo grande,MS
79011,-20.430231401061757,-54.6040797285476,campo grande,MS
79150,-21.617147476604096,-55.17180102202648,maracaju,MS
79150,-21.615271736385182,-55.16389872186677,maracaju,MS
79150,-21.60547915752243,-55.17450678006726,maracaju,MS
79107,-20.43684652070092,-54.67593485958462,campo grande,MS
79107,-20.43166027723994,-54.67343390361249,campo grande,MS
79107,-20.429573245551932,-54.67097517999624,campo grande,MS
79105,-20.469696057841972,-54.70696676192467,campo grande,MS
79105,-20.469281515258096,-54.703817146518695,campo grande,MS
79105,-20.454348116661695,-54.697245200119234,campo grande,MS
79400,-18.498574618152826,-54.751548779899416,coxim,MS
79400,-18.506659844059623,-54.75949982756209,coxim,MS
79400,-18.495199530972204,-54.745926236357775,coxim,MS
79840,-22.22333751413938,-54.78560037479206,dourados,MS
79840,-22.25101090106056,-54.797641798923635,dourados,MS
79840,-22.248743399973836,-54.79106369282577,dourados,MS
80010,-25.43548786011886,-49.270213781291496,curitiba,PR
80035,-25.402833366639722,-49.24723070413756,curitiba,PR
80010,-25.43027192921151,-49.26660256989238,curitiba,PR
80010,-25.43548786011886,-49.270213781291496,curitiba,PR
80035,-25.407799397714875,-49.25445562003005,curitiba,PR
80020,-25.425497629753593,-49.26880418595993,curitiba,PR
80035,-25.412249943937887,-49.25629269317329,curitiba,PR
80045,-25.42552957617298,-49.254479518177625,curitiba,PR
80045,-25.430732553465138,-49.255262581101135,curitiba,PR
80045,-25.423491070690805,-49.25738832259062,curitiba,PR
80040,-25.418108900075318,-49.254933135403604,curitiba,PR
80020,-25.428268373016365,-49.26656402415025,curitiba,PR
80040,-25.414008621703502,-49.24630169706842,curitiba,PR
80020,-25.427697880809006,-49.27252785437521,curitiba,PR
80040,-25.42233254342439,-49.25409425728546,curitiba,PR
80240,-25.453155877315545,-49.2850395992267,curitiba,PR
80240,-25.44895563014222,-49.2781758464581,curitiba,PR
80240,-25.45272380806379,-49.288098995103546,curitiba,PR
80310,-25.464029318048183,-49.30472794690424,curitiba,PR
80330,-25.472734941716194,-49.30563836747645,curitiba,PR
80310,-25.448624649337514,-49.312388484394944,curitiba,PR
80330,-25.473916540106174,-49.31831181753118,curitiba,PR
80330,-25.472095052166964,-49.308013346788655,curitiba,PR
80310,-25.44830130391252,-49.30777500874257,curitiba,PR
80410,-25.429682934483512,-49.274635177069236,curitiba,PR
80410,-25.431353559813015,-49.280528587569954,curitiba,PR
80430,-25.43328294393789,-49.28042347446478,curitiba,PR
80410,-25.43249986011886,-49.278430613653434,curitiba,PR
80430,-25.433579943937893,-49.281183890645735,curitiba,PR
80430,-25.43328294393789,-49.28042347446478,curitiba,PR
80610,-25.469213992786642,-49.293935146950275,curitiba,PR
80610,-25.46198410075591,-49.2746440500895,curitiba,PR
80610,-25.465793217323526,-49.283543101159935,curitiba,PR
81050,-25.49503825145709,-49.299601462952225,curitiba,PR
81050,-25.487257349174957,-49.30384735079267,curitiba,PR
81050,-25.491622485140592,-49.29594316763806,curitiba,PR
81350,-25.508669747227305,-49.33026677895873,curitiba,PR
81350,-25.512622971859024,-49.334330069670905,curitiba,PR
81350,-25.494929999999997,-49.337986500000014,curitiba,PR
81750,-25.51882425644875,-49.2323511633389,curitiba,PR
81750,-25.51833157296554,-49.23189867086335,curitiba,PR
81750,-25.522950405764952,-49.24242513350448,curitiba,PR
81810,-25.50714419618402,-49.27207460483913,curitiba,PR
81810,-25.505518599774966,-49.276733667782295,curitiba,PR
81810,-25.511536822926868,-49.27864824785041,curitiba,PR
82300,-25.413908553147913,-49.34702339687815,curitiba,PR
82300,-25.42865467055225,-49.34575055147448,curitiba,PR
82300,-25.425652452680463,-49.34243378864909,curitiba,PR
82400,-25.393345281980704,-49.35098627800838,curitiba,PR
82400,-25.390369006376634,-49.345895776299834,curitiba,PR
82400,-25.393931686210838,-49.336264301506404,curitiba,PR
82950,-25.44745360753659,-49.219868535114514,curitiba,PR
82940,-25.454342472387303,-49.22258337676727,curitiba,PR
82940,-25.453167835701024,-49.22336281263495,curitiba,PR
82940,-25.456655333231858,-49.2219894349575,curitiba,PR
82950,-25.45398852844941,-49.21435068151652,curitiba,PR
82950,-25.44807199074084,-49.218088228934,curitiba,PR
83020,-25.550486998908475,-49.18996687114555,sao jose dos pinhais,PR
83020,-25.55359980732079,-49.19335226772264,sao jose dos pinhais,PR
83020,-25.559852647238728,-49.19995333236193,sao jose dos pinhais,PR
83206,-25.5327393775075,-48.52054372415031,paranagua,PR
83206,-25.526515082133404,-48.52514753245549,paranagua,PR
83206,-25.531374243061258,-48.52748853907529,paranagua,PR
83490,-24.66070923318963,-48.99201537427053,adrianópolis,PR
83490,-24.657592131076306,-48.992521094508774,adrianopolis,PR
83490,-24.65723728479025,-48.99296359854233,adrianopolis,PR
83605,-25.446647385196982,-49.55563586004068,campo largo,PR
83605,-25.448480273299545,-49.54775397954686,campo largo,PR
83605,-25.444744564916586,-49.55223196196062,campo largo,PR
83750,-25.775721800206885,-49.72398059937935,lapa,PR
83750,-25.768259652323593,-49.73579275612635,lapa,PR
83750,-25.769229366713386,-49.73598265948426,lapa,PR
83860,-26.099510422193237,-49.43039517089023,pien,PR
83860,-26.101197874660745,-49.42430526540327,pien,PR
83860,-26.098846218097812,-49.43171627315507,piên,PR
84025,-25.086792082329474,-50.127791387148,ponta grossa,PR
84025,-25.091473547319527,-50.144150739800324,ponta grossa,PR
84025,-25.08852552899768,-50.0990625,ponta grossa,PR
84600,-26.226014834302923,-51.087968907648744,uniao da vitoria,PR
84600,-26.239462313026,-51.09293398907508,união da vitória,PR
84600,-26.239182030565434,-51.09463213969743,união da vitória,PR
84925,-23.788481333229072,-50.06095793185343,pinhalao,PR
84925,-23.788478325748628,-50.06097687898024,pinhalao,PR
84925,-23.782235524946262,-50.063991797743796,pinhalao,PR
85460,-25.453924153055734,-52.909393907039615,quedas do iguacu,PR
85460,-25.45162550669073,-52.91630965283915,quedas do iguacu,PR
85460,-25.475852999999944,-52.95595399999996,quedas do iguacu,PR
85555,-26.482572363908957,-51.9929615275,palmas,PR
85501,-26.23309163375265,-52.67355012674504,pato branco,PR
85555,-26.485041642323765,-51.981892818279036,palmas,PR
85555,-26.49211690259096,-52.00862530460501,palmas,PR
85501,-26.22841224513988,-52.67556126431152,pato branco,PR
85501,-26.225634984290288,-52.67707839964386,pato branco,PR
85710,-26.057491205254998,-53.726391676244695,santo antônio do sudoeste,PR
85710,-26.062252992501406,-53.72393055597213,santo antonio do sudoeste,PR
85710,-26.076576534700322,-53.722642484729995,santo antonio do sudoeste,PR
85851,-25.548584861815545,-54.58121020316589,foz do iguacu,PR
85801,-24.961400882504734,-53.45816618100577,cascavel,PR
85863,-25.52742965797669,-54.57570382833004,foz do iguacu,PR
85813,-24.931724573143217,-53.44772739330013,cascavel,PR
85813,-24.942132973368256,-53.445317687229334,cascavel,PR
85802,-24.966371460470743,-53.46488320191585,cascavel,PR
85813,-24.937662710225734,-53.438405745917166,cascavel,PR
85851,-25.545040842285403,-54.57988457699186,foz do iguacu,PR
85801,-24.958719449362242,-53.4643115342778,cascavel,PR
85851,-25.54143424640399,-54.58764812629345,foz do iguacu,PR
85802,-24.965389612284678,-53.45442752476014,cascavel,PR
85802,-24.97971670191586,-53.474401762392695,cascavel,PR
85801,-24.958728618096824,-53.45930326628785,cascavel,PR
85863,-25.511417446313956,-54.559914809380146,foz do iguacu,PR
85863,-25.51450949474555,-54.55624946358108,foz do iguacu,PR
85826,-25.258301986370586,-53.57525385622262,lindoeste,PR
85826,-25.257173291542692,-53.575357189651214,lindoeste,PR
85826,-25.258301986370586,-53.57525385622262,lindoeste,PR
85903,-24.718585367675892,-53.76181706327768,toledo,PR
85903,-24.728910298456643,-53.74768994535226,toledo,PR
85903,-24.707083108821372,-53.76547780960889,toledo,PR
85904,-24.709844492474506,-53.75003279931422,toledo,PR
85904,-24.707322060828123,-53.741461310039014,toledo,PR
85904,-24.69736391744329,-53.7652716973353,toledo,PR
86020,-23.30663451154119,-51.16454999999999,londrina,PR
86020,-23.314604821600437,-51.166636289220385,londrina,PR
86020,-23.309045999999995,-51.16797041286276,londrina,PR
86010,-23.325326444630374,-51.158433938397955,londrina,PR
86050,-23.331043778111706,-51.17743350000001,londrina,PR
86050,-23.33041554754996,-51.17950350000001,londrina,PR
86050,-23.333696999999994,-51.17619375,londrina,PR
86010,-23.310948475474383,-51.16211116763807,londrina,PR
86010,-23.32689447792723,-51.1579120284494,londrina,PR
86080,-23.28193075133742,-51.18000242096855,londrina,PR
86080,-23.27976440356915,-51.18663590329226,londrina,PR
86080,-23.27745262724342,-51.18205573327946,londrina,PR
86600,-23.31259824896755,-51.36894941889966,rolandia,PR
86600,-23.31565251242163,-51.356182438786476,rolandia,PR
86600,-23.310650480662893,-51.3605839853025,rolandia,PR
86707,-23.422194813273112,-51.43376667120238,arapongas,PR
86707,-23.424206212693296,-51.427412355294365,arapongas,PR
86707,-23.430084601352334,-51.429384028858166,arapongas,PR
86755,-23.198308783341147,-51.91609985954405,ângulo,PR
86755,-23.19824705260966,-51.915935832171805,angulo,PR
86755,-23.193592932708633,-51.91815447849191,ângulo,PR
86975,-23.50634532242993,-51.696090205659,mandaguari,PR
86975,-23.516312568952074,-51.69031735038248,mandaguari,PR
86975,-23.52446335422466,-51.67626447162405,mandaguari,PR
87013,-23.41986366306706,-51.9370505253616,maringa,PR
87025,-23.377396999935016,-51.93100618003307,maringa,PR
87025,-23.389401636925577,-51.92936082356682,maringa,PR
87025,-23.383114295391387,-51.92149024434938,maringa,PR
87047,-23.41000679702781,-51.88262571961486,maringa,PR
87047,-23.41860023804612,-51.89296719144367,maringa,PR
87013,-23.418057980176904,-51.927107270577125,maringa,PR
87030,-23.41848622413047,-51.92625934548862,maringa,PR
87050,-23.437975269077903,-51.91385959802448,maringa,PR
87013,-23.42286557493638,-51.937545947028106,maringa,PR
87047,-23.4125440614984,-51.87435485851487,maringá,PR
87030,-23.41647493012297,-51.91759811058415,maringa,PR
87050,-23.422904235299384,-51.928346882997275,maringa,PR
87030,-23.421133860924655,-51.91368788249601,maringa,PR
87015,-23.42880633856904,-51.971831350009275,maringa,PR
87050,-23.424718326388195,-51.9180980544531,maringa,PR
87015,-23.427346027302917,-51.95263644630535,maringa,PR
87015,-23.42880633856904,-51.971831350009275,maringá,PR
87114,-23.431481257369107,-51.85490851643521,sarandi,PR
87114,-23.42578954885777,-51.86917581882909,sarandi,PR
87114,-23.43576250191828,-51.84877000767314,sarandi,PR
87303,-24.03529260389033,-52.37957021179355,campo mourao,PR
87303,-24.033344268662205,-52.37318109547798,campo mourao,PR
87303,-24.036624000000007,-52.379921041991544,campo mourao,PR
88025,-27.58046831585774,-48.54149042867444,florianopolis,SC
88025,-27.582359919787645,-48.54367200372224,florianopolis,SC
88075,-27.58917099140166,-48.579840372323886,florianopolis,SC
88025,-27.582359919787645,-48.54367200372224,florianopolis,SC
88075,-27.58302335221301,-48.581995270731234,florianopolis,SC
88075,-27.583788027208662,-48.58190901471518,florianopolis,SC
88130,-27.666286906608608,-48.65481338508792,palhoca,SC
88111,-27.568918660944803,-48.6332460149761,sao jose,SC
88130,-27.631862368742716,-48.647834162017546,palhoça,SC
88130,-27.647628511093817,-48.66971146932288,palhoca,SC
88111,-27.560870485978818,-48.61662994270763,sao jose,SC
88111,-27.564179011607898,-48.62391827195045,sao jose,SC
88161,-27.523776127748366,-48.65743786004288,biguacu,SC
88161,-27.515760436561575,-48.65426533628941,biguacu,SC
88161,-27.51942787362405,-48.647328242755066,biguaçu,SC
88215,-27.14294161449014,-48.50728684609616,bombinhas,SC
88220,-27.131977104544838,-48.599233840908056,itapema,SC
88220,-27.102098999999946,-48.62961349999995,itapema,SC
88220,-27.102098999999946,-48.62961349999995,itapema,SC
88215,-27.145974363033048,-48.504888178458096,bombinhas,SC
88215,-27.14724652392996,-48.50579791239877,bombinhas,SC
88301,-26.91626999999994,-48.65245999999996,itajaí,SC
88301,-26.91242141009627,-48.66179786142639,itajai,SC
88301,-26.90642717731769,-48.65644547151282,itajai,SC
88348,-26.99799029848867,-48.65605531454657,camboriu,SC
88348,-26.997378333819213,-48.65649054750297,camboriu,SC
88348,-27.002769995082545,-48.673396624451826,camboriú,SC
88359,-27.14105704919435,-48.96146112936535,brusque,SC
88359,-27.170504499999936,-48.96094944599997,brusque,SC
88359,-27.141008065870828,-48.96716298379742,brusque,SC
88501,-27.815688670552255,-50.33589889924407,lages,SC
88501,-27.81525744618725,-50.32991577052382,lages,SC
88501,-27.814417962259753,-50.33032114640199,lages,SC
88750,-28.27354928978744,-49.16896410025293,braco do norte,SC
88750,-28.259060136858114,-49.16289736451813,braco do norte,SC
88750,-28.271091787079886,-49.1628202078873,braco do norte,SC
88730,-28.327530882623098,-49.18050954005345,sao ludgero,SC
88730,-28.32413270317891,-49.1694409759995,sao ludgero,SC
88730,-28.328642219264815,-49.16744166422118,sao ludgero,SC
88715,-28.621531461000867,-49.023995719014565,jaguaruna,SC
88715,-28.616411893481043,-49.02403600266868,jaguaruna,SC
88715,-28.62774385725906,-49.0281742612894,jaguaruna,SC
88880,-28.387547350354083,-49.37383934500704,lauro muller,SC
88809,-28.6818435,-49.38450974999999,criciúma,SC
88804,-28.685998262631873,-49.38698516305797,criciúma,SC
88880,-28.392319545358113,-49.39921497176963,lauro muller,SC
88880,-28.393666851424783,-49.39151728855755,lauro muller,SC
88804,-28.686792255794213,-49.3819170587096,criciuma,SC
88850,-28.748325046839994,-49.483182534145975,forquilhinha,SC
88804,-28.6926318256347,-49.391623125287964,criciuma,SC
88850,-28.751040459329896,-49.470796612035585,forquilhinha,SC
88850,-28.75376686828296,-49.48542284773472,forquilhinha,SC
88809,-28.686124111922684,-49.39711596498398,criciuma,SC
88809,-28.68661080602113,-49.39658781328643,criciuma,SC
88980,-29.322193720594978,-49.72515474288599,passo de torres,SC
88980,-29.3238955539472,-49.73051801951125,passo de torres,SC
88980,-29.324654482035218,-49.7275829086007,passo de torres,SC
89031,-26.882803470063273,-49.107613095621076,blumenau,SC
89041,-26.91141069525076,-49.11143612738765,blumenau,SC
89031,-26.890609201223366,-49.09870680030585,blumenau,SC
89031,-26.893021924231046,-49.10610664432454,blumenau,SC
89041,-26.92164637691151,-49.10142570690753,blumenau,SC
89041,-26.912177822271808,-49.11252184622747,blumenau,SC
89114,-26.94309217265287,-48.93548624284629,gaspar,SC
89114,-26.939005887268262,-48.937224296011244,gaspar,SC
89114,-26.952727024863055,-48.930080150367,gaspar,SC
89190,-27.11748865001931,-50.01200135402357,taio,SC
89190,-27.11613616965203,-50.01338628119408,taio,SC
89190,-27.117795707757512,-49.987955115044905,taio,SC
89256,-26.487035474897464,-49.071400994171626,jaragua do sul,SC
89224,-26.270134671231133,-48.80876106346335,joinville,SC
89255,-26.473490109354255,-49.094843667234045,jaragua do sul,SC
89256,-26.48399801194522,-49.076794891338245,jaragua do sul,SC
89256,-26.473985580904838,-49.041562266691884,jaragua do sul,SC
89204,-26.283149245628714,-48.851284630590314,joinville,SC
89224,-26.26084954010618,-48.808722489035716,joinville,SC
89224,-26.26084954010618,-48.808722489035716,joinville,SC
89204,-26.28820171357262,-48.84876234638462,joinville,SC
89204,-26.293009256975804,-48.85002741710162,joinville,SC
89214,-26.330548143460163,-48.88090174304856,joinville,SC
89255,-26.44932552899767,-49.104841112268446,jaragua do sul,SC
89255,-26.471458791563272,-49.089271909371625,jaragua do sul,SC
89214,-26.32693045268046,-48.88657361518264,joinville,SC
89214,-26.336254256803745,-48.881398640161684,joinville,SC
89460,-26.16862248406491,-50.392861528512256,canoinhas,SC
89460,-26.181549791784768,-50.38729624389323,canoinhas,SC
89460,-26.179491123219435,-50.41076740391274,canoinhas,SC
89560,-27.00086872288371,-51.14532022116548,videira,SC
89560,-26.991631848942145,-51.18875595704185,videira,SC
89560,-27.00118035685037,-51.14364040742851,videira,SC
89600,-27.16882094342798,-51.51882419291629,joacaba,SC
89600,-27.177597784241986,-51.50738060224988,joacaba,SC
89600,-27.17238428198398,-51.50237191479598,joacaba,SC
89700,-27.22653060850951,-52.02147812014162,concordia,SC
89770,-27.147905298084144,-52.309373018870126,seara,SC
89700,-27.22483748157479,-52.01572525132065,concordia,SC
89770,-27.148850884817367,-52.310731767413024,seara,SC
89700,-27.231746985738013,-52.023639896969705,concordia,SC
89770,-27.162038149027737,-52.320330335276125,seara,SC
89801,-27.106398057114777,-52.611720735721306,chapeco,SC
89801,-27.102319443973887,-52.61185168282121,chapeco,SC
89801,-27.09654604684752,-52.6069638045089,chapeco,SC
90010,-30.03215040714993,-51.232551699838396,porto alegre,RS
90010,-30.03090377106392,-51.22427127063822,porto alegre,RS
90010,-30.035979587281485,-51.23135054079867,porto alegre,RS
90020,-30.02996719492721,-51.2285747494748,porto alegre,RS
90020,-30.032197385250054,-51.23633299471989,porto alegre,RS
90020,-30.029788561746255,-51.227105369553925,porto alegre,RS
90240,-30.013169904996133,-51.19853892141162,porto alegre,RS
90240,-30.014758676928896,-51.19816065223038,porto alegre,RS
90230,-30.00731246906908,-51.19422244408211,porto alegre,RS
90240,-30.013446709677474,-51.19923262669518,porto alegre,RS
90230,-30.001677076605667,-51.2068419806972,porto alegre,RS
90230,-30.009033324956388,-51.201863189330616,porto alegre,RS
90480,-30.02159907383571,-51.178723476398005,porto alegre,RS
90480,-30.035385869553917,-51.176913212880116,porto alegre,RS
90480,-30.027809776848084,-51.18147401927414,porto alegre,RS
90820,-30.094601407149934,-51.22713380016161,porto alegre,RS
90820,-30.093283519562615,-51.23722004899297,porto alegre,RS
90820,-30.080925167638064,-51.23630870315662,porto alegre,RS
91130,-30.01125892229781,-51.131081597841714,porto alegre,RS
91130,-29.995868252293814,-51.123667243955275,porto alegre,RS
91130,-30.00371337108313,-51.13413124078128,porto alegre,RS
91280,-30.045134535662772,-51.097092861792305,porto alegre,RS
91280,-30.04478353566277,-51.096980361792305,porto alegre,RS
91280,-30.04478353566277,-51.096980361792305,porto alegre,RS
91510,-30.07200823826747,-51.17719962332037,porto alegre,RS
91510,-30.070920067705387,-51.17628573885064,porto alegre,RS
91510,-30.073808482307346,-51.17615649432807,porto alegre,RS
92030,-29.914668849530724,-51.14844143722624,canoas,RS
92030,-29.915205566555287,-51.142258701986194,canoas,RS
92030,-29.929382161809684,-51.15442370970613,canoas,RS
92200,-29.942863836805337,-51.17746565589438,canoas,RS
92200,-29.961851960874775,-51.191047304605014,canoas,RS
92200,-29.94479934343319,-51.18080567606992,canoas,RS
93044,-29.781278999999998,-51.109267499999994,sao leopoldo,RS
93044,-29.77727216346149,-51.119221917582024,sao leopoldo,RS
93044,-29.77593820224307,-51.11796702014147,sao leopoldo,RS
93180,-29.6960435029035,-51.24351819389478,portao,RS
93180,-29.689548720384252,-51.242391000000005,portao,RS
93180,-29.69345084117964,-51.23120140206038,portao,RS
93510,-29.684009472963563,-51.128338877236175,novo hamburgo,RS
93510,-29.68759637271816,-51.124293112843255,novo hamburgo,RS
93510,-29.68475029678807,-51.12824838889702,novo hamburgo,RS
93542,-29.6881809883103,-51.0915608374261,novo hamburgo,RS
93542,-29.684503561999975,-51.090349999999944,novo hamburgo,RS
93542,-29.677103261154638,-51.09904376559148,novo hamburgo,RS
94420,-30.019941040799285,-51.024457024074096,viamao,RS
94420,-30.00429609437771,-51.02191304774038,viamão,RS
94420,-30.006691669739258,-51.03643076431046,viamao,RS
94910,-29.953554209662606,-51.103414237425575,cachoeirinha,RS
94910,-29.953554209662606,-51.103414237425575,cachoeirinha,RS
94910,-29.951531220052694,-51.095498574151236,cachoeirinha,RS
95020,-29.16957635052199,-51.164852512339095,caxias do sul,RS
95020,-29.15930687230183,-51.18025791994463,caxias do sul,RS
95020,-29.164979488778624,-51.18293048877862,caxias do sul,RS
95098,-29.196247500000002,-51.180777,caxias do sul,RS
95098,-29.189604727776743,-51.19421685668835,caxias do sul,RS
95098,-29.195336311736334,-51.18596679040725,caxias do sul,RS
95115,-29.21174838350724,-51.28434221430823,caxias do sul,RS
95115,-29.214474414019616,-51.278209005051544,caxias do sul,RS
95115,-29.215994148167955,-51.28429843830792,caxias do sul,RS
95780,-29.67034898140752,-51.46146829327502,montenegro,RS
95780,-29.678394387562328,-51.46866266519809,montenegro,RS
95780,-29.6755034159275,-51.446842976300154,montenegro,RS
95890,-29.513654924818667,-51.810979665661065,teutonia,RS
95890,-29.512975661496714,-51.80914484331445,teutônia,RS
95890,-29.500155197371647,-51.805717764108536,teutonia,RS
95905,-29.4497261134858,-51.98325275120958,lajeado,RS
95960,-29.239628889061535,-51.86836580934313,encantado,RS
95960,-29.238071488558287,-51.86859674273946,encantado,RS
95900,-29.45957919035882,-51.96768363129545,lajeado,RS
95900,-29.45394925303775,-51.986844406058964,lajeado,RS
95900,-29.45308622852261,-51.96115080222551,lajeado,RS
95905,-29.448849804364638,-51.98626396368477,lajeado,RS
95905,-29.45111248750476,-51.98068624791745,lajeado,RS
95960,-29.237435999999995,-51.89030775241081,encantado,RS
97050,-29.691002326389324,-53.80623715543304,santa maria,RS
97050,-29.68520191878708,-53.796634089650624,santa maria,RS
97050,-29.684124303364264,-53.80221736733222,santa maria,RS
97542,-29.789188489610215,-55.796942621511924,alegrete,RS
97542,-29.783433322037236,-55.7954320967786,alegrete,RS
97542,-29.779125543230357,-55.80169630445971,alegrete,RS
98140,-29.352236897601173,-54.07527280993666,quevedos,RS
98140,-29.315135999999946,-54.056478499999955,quevedos,RS
98140,-29.352236897601173,-54.07527280993666,quevedos,RS
98780,-36.6053744107061,-64.28394645581311,santa rosa,RS
98780,-27.872786454025512,-54.48478511079084,santa rosa,RS
98780,-27.85758154238794,-54.481186008901744,santa rosa,RS
98803,-28.281003423550747,-54.258283178397335,santo ângelo,RS
98803,-28.281177668953738,-54.26056712085899,santo angelo,RS
98803,-28.282244114315315,-54.259175319087085,santo angelo,RS
99052,-28.23220745460625,-52.36742007074947,passo fundo,RS
99052,-28.23694852546143,-52.37340159873545,passo fundo,RS
99052,-28.236014999999995,-52.373555999999994,passo fundo,RS
99150,-28.4595254944111,-52.20408391320524,marau,RS
99150,-28.4479900924893,-52.20505987015044,marau,RS
99150,-28.42640065374848,-52.21215180255421,marau,RS
99700,-27.63476848098565,-52.28029411864509,erechim,RS
99700,-27.63861458093773,-52.25754618600484,erechim,RS
99700,-27.630533844604077,-52.28021754012133,erechim,RS
99900,-27.885937751354774,-52.22831021378536,getulio vargas,RS
99900,-27.888380616567176,-52.22755683205991,getúlio vargas,RS
99900,-27.887539367827802,-52.23426700544278,getulio vargas,RS
